policy,root,ret,utility,shaping,costs,reversal_cost,moves,reversals,noop,reversal_share
E2:ppog0,42,20.804203483015936,23.753451545604225,0.0046124707815247,-2.953860533369808,-0.7242857142857142,12.035714285714286,2.414285714285714,0.8012478741496599,0.200593471810089
E2:ppog0,271828,29.62691518994418,30.837939617174907,0.006497013870500912,-1.217521441101228,-0.075,5.985714285714286,0.25,0.9090121882086167,0.041766109785202864
E2:ppog0,314159,20.385093597224124,21.549066561227733,0.003243840627008373,-1.167216804630619,-0.060000000000000005,5.942857142857143,0.2,0.90828089569161,0.03365384615384615
E2:qg05,42,26.29854919469539,30.700168634066976,0.006279969471823722,-4.407899408843411,-1.277142857142857,16.685714285714287,4.257142857142857,0.7519607426303855,0.25513698630136983
E2:qg05,314159,22.90960637551121,26.881629981673285,0.005916445516241557,-3.9779400516783183,-0.5635714285714285,18.95,1.8785714285714286,0.73562641723356,0.09913305691669808
E2:qg09,42,16.352974488491693,22.750700793586986,0.0038679905125714406,-6.401594295607859,-1.697142857142857,26.835714285714285,5.6571428571428575,0.6735381235827664,0.21080649454351877
E2:qg09,271828,21.43786310753617,25.847402891804244,0.006263183780114432,-4.415802968048182,-1.2192857142857143,18.15714285714286,4.064285714285714,0.7834119897959184,0.2238394964594807
E2:qg09,314159,20.312412343341947,22.884031801516148,0.003928360779887549,-2.575547818954083,-0.4157142857142857,12.285714285714286,1.3857142857142857,0.8182964852607709,0.1127906976744186
bandit,42,18.284420337088097,20.927271932646615,0.006125477856269102,-2.648977073414786,-0.42428571428571427,12.3,1.4142857142857144,0.8140532879818595,0.11498257839721254
bandit,141421,24.988082507488933,27.87240534347372,0.005949511142558437,-2.890272347127338,-0.5914285714285714,12.907142857142857,1.9714285714285715,0.8009318310657597,0.1527393469839513
bandit,161803,28.498558535777995,31.04436466398271,0.005674232135700001,-2.551480360340413,-0.42214285714285715,11.707142857142857,1.4071428571428573,0.8277161281179138,0.12019524100061013
bandit,271828,28.387417687774697,31.5664819359702,0.005460189086325897,-3.184524437281829,-0.7307142857142856,13.564285714285715,2.4357142857142855,0.7830576814058957,0.17956819378620323
bandit,314159,25.805472151535007,28.38785124636149,0.00436181808318227,-2.5867409129096632,-0.4671428571428571,11.7,1.5571428571428572,0.8153493480725623,0.1330891330891331
cspf,-1,-25.588304318435846,-24.871908059045964,0.0005062376080734353,-0.7169024969979595,-0.03857142857142857,3.585714285714286,0.12857142857142856,0.9490766723356009,0.03585657370517928
greedy,-1,3.9851913580468143,14.352435816856948,0.002999887023742492,-10.370244345833875,-3.5249999999999995,31.771428571428572,11.75,0.6167020975056688,0.3698291366906475
milp_track,-1,24.039938194318648,34.27407821625526,0.008158903434537916,-10.24229892537115,-2.644285714285714,39.65,8.814285714285715,0.5141021825396825,0.22230228787605838
noop,-1,-95.46699142579568,-95.45827575702624,-0.008715668769445673,0.0,0.0,0.0,0.0,1.0,
oracle_h1,-1,46.92989408878563,50.60312629266315,0.008043345287394463,-3.6812755491649107,-0.11357142857142857,19.985714285714284,0.37857142857142856,0.7201275510204083,0.018942101501072197
oracle_h3,-1,51.438700239549036,55.0916593849236,0.010430323776912512,-3.6633894691514644,-0.2657142857142857,19.257142857142856,0.8857142857142857,0.7301048752834467,0.04599406528189911
oracle_h6,-1,219.06725235584145,222.9711817690657,0.0009885618999573398,-3.9049179751241945,-0.15,21.3,0.5,0.8375,0.023474178403755867
ppo,42,-13.691326886148413,18.944959683532375,0.006404578370490577,-32.64269114805128,-18.214285714285715,77.85714285714286,60.714285714285715,0.14077168367346937,0.7798165137614679
ppo,141421,14.776425446666966,19.161774438170944,0.006224180280416284,-4.391573171784391,-1.425,17.05,4.75,0.7370011337868482,0.2785923753665689
ppo,161803,5.836038555187794,7.753398537235896,0.0050266153116001995,-1.9223865973597023,0.0,10.778571428571428,0.0,0.8389477040816327,0.0
ppo,271828,-22.454176210895636,14.024254553963171,0.004520177060621755,-36.48295094191942,-21.055714285714288,87.82142857142857,70.18571428571428,0.10657596371882085,0.7991866612444083
ppo,314159,16.943732627352208,32.24032823271099,0.005960924124976445,-15.30255652948376,-8.277857142857142,41.1,27.59285714285714,0.517702664399093,0.6713590545707333
random_valid,-1,-107.52671660648683,-89.11973989766655,-0.010736370095535219,-18.396240338724738,-2.235,91.70714285714286,7.45,0.028711026077097506,0.08123685645299479
static,-1,-96.46776047557147,-96.11555850138139,-0.009667808881226685,-0.34253416530885855,0.0,1.8357142857142856,0.0,0.9694047619047619,0.0
