learner,reference,boot_est,boot_lo,boot_hi,boot_n,t_lo,t_hi,t_n,roots,roots_positive,root_means,episode_win_rate,d_z_pooled
bandit,noop,120.71095860383964,116.06909286247014,124.15613904978004,4,113.06733106567225,128.35458614200704,4,4,4,42:113.751;161803:123.966;271828:123.854;314159:121.272,1.0,1.2542329697589012
bandit,static,121.71172765361543,117.08235847557883,125.13650660243431,4,114.06810011544803,129.35535519178282,4,4,4,42:114.752;161803:124.966;271828:124.855;314159:122.273,1.0,1.2683454318338363
bandit,random_valid,132.77068378453077,127.96801791135071,136.77662625360242,4,125.12705624636338,140.41431132269815,4,4,4,42:125.811;161803:136.025;271828:135.914;314159:133.332,1.0,1.2311318305903938
bandit,cspf,50.83227149647979,46.186987403476486,54.27318805851872,4,43.1886439583124,58.475899034647185,4,4,4,42:43.873;161803:54.087;271828:53.976;314159:51.394,0.9892857142857143,1.4368479907028708
bandit,greedy,21.258775819997133,16.637021909352093,24.609256789808416,4,13.615148281829738,28.902403358164527,4,4,4,42:14.299;161803:24.513;271828:24.402;314159:21.820,0.7946428571428571,0.7157514913602407
bandit,milp_track,5.9434837186880225,0.7530287242885776,9.33094562623828,4,-2.195932934230412,14.082900371606456,4,4,3,42:-1.671;161803:7.721;271828:8.454;314159:9.269,0.7207446808510638,0.48994998044150934
bandit,oracle_h1,-30.11662974141768,-38.22939870520848,-23.482708389093993,4,-43.330410721533205,-16.902848761302153,4,4,0,42:-41.707;161803:-30.531;271828:-23.721;314159:-24.508,0.0,-2.6735710950135023
ppo,noop,89.06640126923173,73.29824063229402,112.07913288942238,3,37.67926792880264,140.45353460966084,3,3,3,42:81.776;271828:73.013;314159:112.411,1.0,1.2749083772044045
ppo,static,90.06717031900753,74.27928114268113,113.0812971136475,3,38.680036978578435,141.45430365943662,3,3,3,42:82.776;271828:74.014;314159:113.411,1.0,1.299234390810207
ppo,random_valid,101.1261264499229,85.45079436505874,123.72954584259831,3,49.73899310949378,152.513259790352,3,3,3,42:93.835;271828:85.073;314159:124.470,0.9952380952380953,1.2470389170778085
ppo,cspf,19.1877141618719,3.4189298047416714,42.15198689711551,3,-32.19941917855719,70.574847502301,3,3,3,42:11.897;271828:3.134;314159:42.532,0.7690476190476191,0.6745360422761205
ppo,greedy,-10.385781514610763,-26.213100625381635,12.682566493367755,3,-61.77291485503986,41.00135182581833,3,3,1,42:-17.677;271828:-26.439;314159:12.959,0.2857142857142857,-0.41869702566426725
ppo,milp_track,-35.492694913560605,-58.3408371982166,-7.75735489058137,3,-99.73023883240737,28.744849005286163,3,3,0,42:-40.316;271828:-58.600;314159:-7.562,0.11347517730496454,-0.851594313379428
ppo,oracle_h1,-133.40772047117744,-188.4533267275926,-71.30802079347801,3,-281.0959841305595,14.280543188204632,3,3,0,42:-140.557;271828:-188.962;314159:-70.704,0.0,-2.6744315870956488
