mean,lo,hi,roots,root_sd,per_interval,delivered,sla,maxutil,loss,delay,reroutes,reversals,moved,noop,decision_ms,episodes,steps,policy
25.243967178043953,20.561514670678797,28.705756314939208,4,4.803617597869249,-0.3000767897239328,0.9531567356247137,163.0232142857143,1.0330866918020616,0.04646253612009543,34.862538506111,2.279470663265306,1.7035714285714285,1816.3602048530038,0.8100441113945578,0.40116685901962645,560,52800,bandit
-6.400590156563947,-22.171438625801557,16.623250024843244,3,20.686104919771772,-0.6195844628463564,0.9497110747902966,182.39523809523808,1.0360716281764006,0.049879925069718126,37.15981891305892,8.939798752834466,52.83095238095238,7175.2852429005625,0.2550167705971277,1.1202791660858133,420,39600,ppo
-95.46699142579568,-97.9692986767804,-92.94936807656649,0,,-1.6016739088150456,0.9057893056738162,352.24285714285713,1.384689264567516,0.09360246882112681,39.73464193713637,0.0,0.0,0.0,1.0,0.0006059790131183214,140,13200,noop
-96.46776047557147,-98.93254884418525,-93.96391176296784,0,,-1.6183533929779756,0.9040281211852138,345.73571428571427,1.3956997039034627,0.09535562927193524,39.03034738499286,0.36714285714285716,0.0,204.12311517045555,0.9694047619047619,0.009602195902355644,140,13200,static
-107.52671660648684,-111.32960704640257,-103.60494439030927,0,,-1.7441243358322274,0.8944493998520107,401.2857142857143,1.3149291343324405,0.10482811697630463,49.856966948529916,11.655467687074832,7.45,9908.195768950176,0.028711026077097506,0.016238506524093272,140,13200,random_valid
-25.58830431843585,-28.033691673784045,-23.187635525106657,0,,-0.8962443087139463,0.9364232311082532,243.1,1.1951833357160047,0.06311131408865571,35.99522567439687,0.6110799319727891,0.12857142857142856,636.4723455014564,0.9490766723356009,0.059862256015779915,140,13200,cspf
3.9851913580468183,1.7064838406654916,6.262706248559566,0,,-0.4836893436597472,0.9485315868220756,186.81428571428572,1.066231143621342,0.05105452351419394,34.76940165579533,4.5995748299319725,11.75,9293.45317614858,0.6167020975056688,0.061049235289398825,140,13200,greedy
82.65550024660112,79.9446240997374,85.46878533702316,0,,0.41422249709408676,0.9755858647311033,144.39361702127658,0.9817961278210096,0.02405546811942312,31.295521308221797,5.643705673758865,10.872340425531915,6979.6227125501,0.529691193853428,663.4320699784877,94,10680,milp_track
372.31071976081563,364.2084548896673,380.80938028326176,0,,1.2927455547250541,0.9918568311309972,112.66666666666667,0.8041618361730924,0.007943593502911952,22.831494567688456,1.0740740740740742,0.6666666666666666,3860.681812912653,0.9104938271604939,1649.9942415158157,9,2592,oracle_h1
