run_id,gamma,variant,explained_variance
E1_main__ppo__r141421,0.995,base,0.8375629782676697
E1_main__ppo__r161803,0.995,base,0.8600843548774719
E2_horizon__ppog09__r271828,0.9,base,0.8344173431396484
E2_horizon__ppog09__r314159,0.9,base,0.8297631740570068
E2_horizon__ppog09__r42,0.9,base,0.8362522125244141
E2_horizon__ppog0__r271828,0.0,base,0.7278769016265869
E2_horizon__ppog0__r314159,0.0,base,0.7131849527359009
E2_horizon__ppog0__r42,0.0,base,0.7195732593536377
E3_ppo_tuning__clip01__r42,0.995,base,0.8483442664146423
E3_ppo_tuning__ent003__r42,0.995,base,0.8638588190078735
E3_ppo_tuning__ent0__r42,0.995,base,0.8592687249183655
E3_ppo_tuning__gae08__r42,0.995,base,0.9460137486457825
E3_ppo_tuning__lr1e3__r42,0.995,base,0.8596652150154114
E3_ppo_tuning__lr1e4__r42,0.995,base,0.8359423875808716
E3_ppo_tuning__ns2048__r42,0.995,base,0.8637479543685913
E3_ppo_tuning__rewnorm__r42,0.995,base,0.8502612113952637
E3b_ppo_best__ent003__r141421,0.995,base,0.8511934876441956
E3b_ppo_best__ent003__r161803,0.995,base,0.854290246963501
E3b_ppo_best__ent003__r271828,0.995,base,0.8510578870773315
E3b_ppo_best__ent003__r314159,0.995,base,0.828774631023407
E4_delay__L1_ppo__r314159,0.995,delayed,0.8434578776359558
E4_delay__L1_ppo__r42,0.995,delayed,0.8625185489654541
E5_budget__ppo_1p2m__r42,0.995,base,0.8986006379127502
E6b_noshaping_horizon__ppo_noshaping__r314159,0.995,noshaping,0.8468331098556519
E6b_noshaping_horizon__ppo_noshaping__r42,0.995,noshaping,0.8720910549163818
E6b_noshaping_horizon__ppog0_noshaping__r314159,0.0,noshaping,0.7205556631088257
E6b_noshaping_horizon__ppog0_noshaping__r42,0.0,noshaping,0.7347725033760071
