policy,run_id,mean_return,test_mean
E3:ent003,E3_ppo_tuning__ent003__r42,15.257299691088932,20.653878065269303
E3:gae08,E3_ppo_tuning__gae08__r42,13.725698835681724,19.881147339204006
bandit,E0_repro__bandit__r42,12.229797492270958,18.2844203370881
E3:rewnorm,E3_ppo_tuning__rewnorm__r42,-5.120714539799556,2.4963995525369858
ppo,E0_repro__ppo__r42,-19.077140468720955,-13.691326886148413
E3:lr1e4,E3_ppo_tuning__lr1e4__r42,-23.89483124640476,-18.561727429406897
E3:lr1e3,E3_ppo_tuning__lr1e3__r42,-24.713127415400976,-17.644803046617522
E3:ent0,E3_ppo_tuning__ent0__r42,-26.161906124779367,-20.395241734245143
E3:clip01,E3_ppo_tuning__clip01__r42,-27.81025162601099,-22.175290306018717
E3:ns2048,E3_ppo_tuning__ns2048__r42,-28.204938317484327,-22.55741529882063
