frozen,scope,H,states,agree,regret,best_gain,captured,spearman,best_is_sacrifice,best_is_noop
False,all,1,459,1.0,0.0,0.22575608918910653,1.0,1.0,0.0,0.5272331154684096
False,all,2,459,0.8278867102396514,0.057008989078562396,0.5007349021857342,0.8861493600112252,0.9463434217639292,0.12854030501089325,0.4335511982570806
False,all,3,459,0.7211328976034859,0.17347321617967357,0.7578518269962039,0.7710987689147017,0.9043661408257798,0.20915032679738563,0.3790849673202614
False,all,6,441,0.5578231292517006,0.6188462609498409,1.6396099363601766,0.622564948390324,0.8281421483215533,0.35374149659863946,0.29024943310657597
False,all,12,423,0.44680851063829785,1.3427744815468552,3.1455136797500507,0.5731144041142575,0.7553934475763725,0.46335697399527187,0.2033096926713948
False,all,24,369,0.33062330623306235,2.962378464133801,6.01621776753375,0.5076011908810643,0.6952308364290468,0.5989159891598916,0.13279132791327913
False,deceptive_local_optimum,1,45,1.0,0.0,0.22061032229855193,1.0,1.0,0.0,0.5111111111111111
False,deceptive_local_optimum,2,45,0.8666666666666667,0.046185890932713344,0.4683082567364522,0.9013771585951235,0.9461521083251163,0.1111111111111111,0.4444444444444444
False,deceptive_local_optimum,3,45,0.7111111111111111,0.13132208650360044,0.6177348024701487,0.7874134888005659,0.9014892798702726,0.24444444444444444,0.4
False,deceptive_local_optimum,6,42,0.5714285714285714,0.6635895424191132,1.712653340234962,0.6125371510803966,0.8303390443920305,0.35714285714285715,0.2857142857142857
False,deceptive_local_optimum,12,39,0.46153846153846156,1.9829717507308817,3.9322607387449384,0.495717124962627,0.7753971052464278,0.48717948717948717,0.15384615384615385
False,deceptive_local_optimum,24,30,0.4,4.547264062880649,9.537227246656128,0.5232090055865055,0.71964140900902,0.5333333333333333,0.1
False,evening_peak,1,63,1.0,0.0,0.28931106208107443,1.0,1.0,0.0,0.4126984126984127
False,evening_peak,2,63,0.7777777777777778,0.08026615408034982,0.5834229398251163,0.8624220122293957,0.9309985570922852,0.1111111111111111,0.3333333333333333
False,evening_peak,3,63,0.7142857142857143,0.21980268986639037,0.8695854768519135,0.7472327957199523,0.8744476527995341,0.1746031746031746,0.31746031746031744
False,evening_peak,6,60,0.48333333333333334,0.8011446564478256,1.6613938106679096,0.5177876242805122,0.7887110987416702,0.3333333333333333,0.26666666666666666
False,evening_peak,12,57,0.40350877192982454,1.6562045216053702,3.117470167547511,0.46873444408666365,0.7261883991571817,0.43859649122807015,0.15789473684210525
False,evening_peak,24,48,0.2916666666666667,3.908648901074479,6.747209675427851,0.4207014322810969,0.6685529078222868,0.5625,0.14583333333333334
False,flash_crowd,1,45,1.0,0.0,0.40331443036152437,1.0,1.0,0.0,0.35555555555555557
False,flash_crowd,2,45,0.7555555555555555,0.05475438342968271,0.8581314058308951,0.9361934744986216,0.9372742579918021,0.2,0.2222222222222222
False,flash_crowd,3,45,0.5777777777777777,0.19538429401471277,1.2244261330973025,0.8404278635245479,0.8836025699573172,0.26666666666666666,0.2
False,flash_crowd,6,42,0.42857142857142855,0.8912111294993023,2.682278837597681,0.6677410577128908,0.7723471490243263,0.42857142857142855,0.11904761904761904
False,flash_crowd,12,39,0.3333333333333333,1.4819940074574238,5.021517458327916,0.704871282484617,0.6955373841983243,0.5384615384615384,0.05128205128205128
False,flash_crowd,24,30,0.23333333333333334,3.5908789294385226,10.283507544024188,0.6508118544119506,0.5921670953270929,0.6,0.0
False,full_day,1,216,1.0,0.0,0.13475214579275094,1.0,1.0,0.0,0.6712962962962963
False,full_day,2,216,0.8796296296296297,0.03446289687030914,0.2977075760239695,0.8842391002252008,0.9565265722063491,0.09722222222222222,0.5972222222222222
False,full_day,3,216,0.7870370370370371,0.09674304495649198,0.45420512570613036,0.7870058273646949,0.9180235991514494,0.18055555555555555,0.5138888888888888
False,full_day,6,213,0.6197183098591549,0.3612357472626154,0.9522402583371236,0.6206464239461651,0.8466400908291952,0.3380281690140845,0.39906103286384975
False,full_day,12,210,0.5047619047619047,0.7762267689357727,1.7684762106396148,0.5610759340353069,0.7722328644983718,0.44285714285714284,0.3047619047619048
False,full_day,24,201,0.36318407960199006,1.6635369576554455,3.267894627219583,0.49094534940043955,0.7291813274762743,0.6019900497512438,0.18407960199004975
False,link_failure,1,45,1.0,0.0,0.34939091512205017,1.0,1.0,0.0,0.28888888888888886
False,link_failure,2,45,0.7111111111111111,0.10582428604867014,0.8885275128030115,0.8808992580152871,0.9311155460582808,0.2222222222222222,0.13333333333333333
False,link_failure,3,45,0.6222222222222222,0.37147870500926466,1.4650979893426261,0.7464478774037884,0.8894014710762128,0.26666666666666666,0.1111111111111111
False,link_failure,6,42,0.47619047619047616,1.075812009786465,3.3411059904148024,0.6780072189051083,0.8261644411739023,0.38095238095238093,0.07142857142857142
False,link_failure,12,39,0.358974358974359,2.512242942402717,6.792094403338246,0.6301224934141118,0.7350988580767785,0.48717948717948717,0.05128205128205128
False,link_failure,24,30,0.3,5.888081771090189,13.702169148326133,0.5702810476683189,0.6379307840376498,0.5666666666666667,0.03333333333333333
False,ood_double_failure,1,45,1.0,0.0,0.2775506552280516,1.0,1.0,0.0,0.4222222222222222
False,ood_double_failure,2,45,0.8,0.09693260750029664,0.6467403462539145,0.8501212920119255,0.9434354630972032,0.15555555555555556,0.28888888888888886
False,ood_double_failure,3,45,0.6666666666666666,0.29915133790098436,1.025225439469097,0.7082092129357451,0.9193013256728471,0.24444444444444444,0.24444444444444444
False,ood_double_failure,6,42,0.5476190476190477,0.8907994022254335,2.2772279810134144,0.6088229155567424,0.8462370353784608,0.35714285714285715,0.16666666666666666
False,ood_double_failure,12,39,0.38461538461538464,1.9864406964936268,4.291985931633619,0.5371744623269195,0.7675509608935506,0.48717948717948717,0.07692307692307693
False,ood_double_failure,24,30,0.23333333333333334,5.011494487425742,7.786145118602899,0.35635742577515994,0.646400453096815,0.7333333333333333,0.03333333333333333
