algorithm,scenario,return_mean,return_std,sla_mean,moved_mean,hist_return_mean,hist_return_std,hist_sla_mean,hist_moved_mean,abs_diff_return_mean,abs_diff_return_std,abs_diff_sla_mean,abs_diff_moved_mean
cspf,deceptive_local_optimum,66.22504456172337,6.901572930632296,46.2,178.1894709325608,66.22504456172337,6.901572930632295,46.2,178.1894709325608,0.0,1.7763568394002505e-15,0.0,0.0
cspf,evening_peak,-45.03231658500563,11.882248707298892,296.0,553.85920313168,-45.03231658500563,11.882248707298888,296.0,553.85920313168,0.0,3.552713678800501e-15,0.0,0.0
cspf,flash_crowd,-64.50790629755583,11.602634179050717,261.6,606.8089090598716,-64.50790629755583,11.60263417905072,261.6,606.8089090598716,0.0,1.7763568394002505e-15,0.0,0.0
cspf,full_day,226.85786086351308,29.069077815122707,357.4,1705.826708108163,226.85786086351308,29.069077815122704,357.4,1705.826708108163,0.0,3.552713678800501e-15,0.0,0.0
cspf,link_failure,-23.134556905986404,9.24357210021167,205.8,849.312320504788,-23.134556905986404,9.24357210021167,205.8,849.312320504788,0.0,0.0,0.0,0.0
cspf,ood_double_failure,-222.1879559245208,15.360673052634079,226.0,252.80810411635247,-222.1879559245208,15.360673052634075,226.0,252.80810411635247,0.0,3.552713678800501e-15,0.0,0.0
cspf,overload_stress,-136.59240703038967,11.96504662494712,354.0,635.4297457009685,-136.5924070303897,11.965046624947126,354.0,635.4297457009685,2.842170943040401e-14,5.329070518200751e-15,0.0,0.0
greedy,deceptive_local_optimum,84.5389967912477,12.088795144252382,22.4,1889.977529877023,84.53899679124771,12.08879514425238,22.4,1889.977529877023,1.4210854715202004e-14,1.7763568394002505e-15,0.0,0.0
greedy,evening_peak,-4.08362434025368,17.65175908593643,186.8,10712.196357294377,-4.08362434025368,17.65175908593643,186.8,10712.196357294377,0.0,0.0,0.0,0.0
greedy,flash_crowd,-59.534421074008925,15.358286887694508,236.0,12522.928981068322,-59.534421074008925,15.35828688769451,236.0,12522.928981068322,0.0,1.7763568394002505e-15,0.0,0.0
greedy,full_day,263.48407819050453,16.509041520026326,312.4,23309.39146891683,263.48407819050453,16.509041520026326,312.4,23309.39146891683,0.0,0.0,0.0,0.0
greedy,link_failure,-14.886929070678452,24.712572426019612,159.2,8192.698915997222,-14.886929070678452,24.71257242601961,159.2,8192.698915997222,0.0,3.552713678800501e-15,0.0,0.0
greedy,ood_double_failure,-178.02379006966567,8.671432927579271,130.8,1599.094417979163,-178.0237900696657,8.671432927579268,130.8,1599.094417979163,2.842170943040401e-14,3.552713678800501e-15,0.0,0.0
greedy,overload_stress,-107.78228841601882,14.931671908960285,354.8,11521.244589152298,-107.78228841601882,14.93167190896029,354.8,11521.244589152298,0.0,5.329070518200751e-15,0.0,0.0
static,deceptive_local_optimum,8.216240396466294,14.866422190065745,145.6,0.0,8.216240396466294,14.866422190065745,145.6,0.0,0.0,0.0,0.0,0.0
static,evening_peak,-134.39539407612483,12.932158988006504,386.8,0.0,-134.39539407612483,12.932158988006504,386.8,0.0,0.0,0.0,0.0,0.0
static,flash_crowd,-127.27180037389334,17.1455837943286,324.8,0.0,-127.27180037389334,17.1455837943286,324.8,0.0,0.0,0.0,0.0,0.0
static,full_day,6.052991719316187,22.802142340409763,758.2,0.0,6.052991719316189,22.802142340409763,758.2,0.0,2.6645352591003757e-15,0.0,0.0,0.0
static,link_failure,-81.83251562476747,13.622539952250548,281.0,885.0417763432606,-81.83251562476748,13.622539952250554,281.0,885.0417763432606,1.4210854715202004e-14,5.329070518200751e-15,0.0,0.0
static,ood_double_failure,-225.9905455814673,16.998345567992278,231.4,556.0385241807878,-225.9905455814673,16.99834556799228,231.4,556.0385241807878,0.0,3.552713678800501e-15,0.0,0.0
static,overload_stress,-157.73479365118288,12.03346613831597,346.2,0.0,-157.73479365118288,12.03346613831597,346.2,0.0,0.0,0.0,0.0,0.0
