n_legal,rollout_length,best_a_h1,best_delta_h1,myopic_delta_h1,myopic_regret_h1,agree_h1,spearman_h1_h1,n_sacrifice_h1,n_misleading_h1,best_is_sacrifice_h1,best_a_h2,best_delta_h2,myopic_delta_h2,myopic_regret_h2,agree_h2,spearman_h1_h2,n_sacrifice_h2,n_misleading_h2,best_is_sacrifice_h2,best_a_h3,best_delta_h3,myopic_delta_h3,myopic_regret_h3,agree_h3,spearman_h1_h3,n_sacrifice_h3,n_misleading_h3,best_is_sacrifice_h3,best_a_h6,best_delta_h6,myopic_delta_h6,myopic_regret_h6,agree_h6,spearman_h1_h6,n_sacrifice_h6,n_misleading_h6,best_is_sacrifice_h6,best_a_h12,best_delta_h12,myopic_delta_h12,myopic_regret_h12,agree_h12,spearman_h1_h12,n_sacrifice_h12,n_misleading_h12,best_is_sacrifice_h12,best_a_h24,best_delta_h24,myopic_delta_h24,myopic_regret_h24,agree_h24,spearman_h1_h24,n_sacrifice_h24,n_misleading_h24,best_is_sacrifice_h24,scenario,seed,step,t_min,reference_policy,frozen
49,24,15,0.9625268979985453,0.9625268979985453,0.0,True,,0,0,False,15,2.0781018552824104,2.0781018552824104,0.0,True,0.9998979487702826,0,0,False,15,3.193676812566276,3.193676812566276,0.0,True,0.9989794877028267,0,0,False,15.0,6.540401684417872,6.540401684417872,0.0,True,0.9947953872844166,0.0,0.0,False,15.0,13.233851428121064,13.233851428121064,0.0,True,0.9876518012042046,0.0,0.0,False,15.0,26.620750915527445,26.620750915527445,0.0,True,0.9670374528013063,0.0,0.0,False,full_day,4001,0,0.0,greedy,True
52,24,0,0.0,0.0,0.0,True,,0,0,False,0,0.0,0.0,0.0,True,0.9999999999999999,0,0,False,0,0.0,0.0,0.0,True,0.9999999999999999,0,0,False,0.0,0.0,0.0,0.0,True,0.9999999999999999,0.0,0.0,False,0.0,0.0,0.0,0.0,True,0.9999999999999999,0.0,0.0,False,0.0,0.0,0.0,0.0,True,0.9999999999999999,0.0,0.0,False,full_day,4001,4,20.0,greedy,True
48,24,23,0.6071947254129945,0.6071947254129945,0.0,True,,0,0,False,23,1.3552776413608267,1.3552776413608267,0.0,True,0.9998914282612237,1,0,False,23,2.103360557308659,2.103360557308659,0.0,True,0.9998914282612237,1,0,False,23.0,4.347609305152155,4.347609305152155,0.0,True,0.9998914282612237,1.0,0.0,False,23.0,8.836106800839147,8.836106800839147,0.0,True,0.9998914282612237,1.0,0.0,False,23.0,17.813101792213132,17.813101792213132,0.0,True,0.9998914282612237,1.0,0.0,False,full_day,4001,8,40.0,greedy,True
51,24,8,0.11646613126296068,0.11646613126296068,0.0,True,,0,0,False,8,0.38054892487898284,0.38054892487898284,0.0,True,0.9903158656892026,0,0,False,8,0.644631718495005,0.644631718495005,0.0,True,0.9448818897637795,0,0,False,8.0,1.436880099343072,1.436880099343072,0.0,True,0.8881346728210697,0.0,0.0,False,8.0,3.021376861039208,3.021376861039208,0.0,True,0.8849669653362295,1.0,0.0,False,8.0,6.190370384431482,6.190370384431482,0.0,True,0.8804416689293149,3.0,0.0,False,full_day,4001,12,60.0,greedy,True
49,24,0,0.0,0.0,0.0,True,,0,0,False,0,0.0,0.0,0.0,True,1.0,0,0,False,0,0.0,0.0,0.0,True,1.0,0,0,False,0.0,0.0,0.0,0.0,True,1.0,0.0,0.0,False,0.0,0.0,0.0,0.0,True,1.0,0.0,0.0,False,0.0,0.0,0.0,0.0,True,1.0,0.0,0.0,False,full_day,4001,16,80.0,greedy,True
45,24,59,0.4408138507014002,0.4408138507014002,0.0,True,,0,0,False,59,1.0604856735714068,1.0604856735714068,0.0,True,0.9855053366714981,0,0,False,59,1.680157496441413,1.680157496441413,0.0,True,0.9490051390169983,0,0,False,59.0,3.5391729650514328,3.5391729650514328,0.0,True,0.9069706153643431,0.0,0.0,False,59.0,7.257203902271471,7.257203902271471,0.0,True,0.8558439847147187,3.0,0.0,False,59.0,14.693265776711542,14.693265776711542,0.0,True,0.8493872710502042,3.0,0.0,False,full_day,4001,20,100.0,greedy,True
45,24,8,0.365448289577301,0.365448289577301,0.0,True,,0,0,False,8,0.8687365792022965,0.8687365792022965,0.0,True,0.9387271050204242,1,0,False,57,1.3935191128405915,1.3720248688272925,0.021494244013299024,False,0.9384635656871787,1,0,False,57.0,3.2437037599563245,2.88188973770228,0.3618140222540447,False,0.9382000263539332,1.0,0.0,False,57.0,6.944073054187793,5.901619475452257,1.042453578735536,False,0.937804717354065,1.0,0.0,False,57.0,14.344811642650704,11.941078950952203,2.403732691698501,False,0.9262089866912636,1.0,0.0,False,full_day,4001,24,120.0,greedy,True
48,24,0,0.0,0.0,0.0,True,,0,0,False,0,0.0,0.0,0.0,True,0.9991314260897888,0,0,False,0,0.0,0.0,0.0,True,0.9991314260897888,0,0,False,0.0,0.0,0.0,0.0,True,0.9991314260897888,0.0,0.0,False,0.0,0.0,0.0,0.0,True,0.9991314260897888,0.0,0.0,False,0.0,0.0,0.0,0.0,True,0.9991314260897888,0.0,0.0,False,full_day,4001,28,140.0,greedy,True
48,24,8,0.2633136545044704,0.2633136545044704,0.0,True,,0,0,False,8,0.668680176829169,0.668680176829169,0.0,True,0.9877320594940832,1,0,False,8,1.0740466991538673,1.0740466991538673,0.0,True,0.9773097383563131,1,0,False,8.0,2.2901462661279623,2.2901462661279623,0.0,True,0.9745955922266855,1.0,0.0,False,8.0,4.722345400076154,4.722345400076154,0.0,True,0.971990011942243,3.0,0.0,False,8.0,9.586743667972536,9.586743667972536,0.0,True,0.9715557485615026,3.0,0.0,False,full_day,4001,32,160.0,greedy,True
52,24,8,0.5587397967959289,0.5587397967959289,0.0,True,,0,0,False,8,1.2534115851636554,1.2534115851636554,0.0,True,0.9999146138410964,0,0,False,8,1.948083373531382,1.948083373531382,0.0,True,0.9994022968876745,0,0,False,8.0,4.032098738634561,4.032098738634561,0.0,True,0.9986338214575416,0.0,0.0,False,8.0,8.20012946884092,8.20012946884092,0.0,True,0.9986338214575416,0.0,0.0,False,8.0,16.536190929253635,16.536190929253635,0.0,True,0.9986338214575416,0.0,0.0,False,full_day,4001,36,180.0,greedy,True
48,24,50,1.180793312131085,1.180793312131085,0.0,True,,0,0,False,50,2.52658349552585,2.52658349552585,0.0,True,0.9998914282612237,0,0,False,50,3.872373678920616,3.872373678920616,0.0,True,0.9980457087020249,0,0,False,50.0,7.909744229104911,7.909744229104911,0.0,True,0.9331198089137399,0.0,0.0,False,50.0,15.984485329473507,15.984485329473507,0.0,True,0.9135768959339884,0.0,0.0,False,50.0,32.13396753021068,32.13396753021068,0.0,True,0.9067368763910753,1.0,0.0,False,full_day,4001,40,200.0,greedy,True
52,24,8,0.10562475614108183,0.10562475614108183,0.0,True,,0,0,False,8,0.35102289613749743,0.35102289613749743,0.0,True,0.9991461019554267,1,0,False,8,0.596421036133913,0.596421036133913,0.0,True,0.9991461019554267,1,0,False,26.0,1.3448915493180826,1.3326154561231598,0.012276093194922844,False,0.9983775937153104,3.0,0.0,False,26.0,2.8534355533822096,2.8050042961016532,0.048431257280556306,False,0.9972675262573649,3.0,0.0,False,26.0,5.870523561510463,5.749781976058641,0.12074158545182279,False,0.9972675262573649,3.0,0.0,False,full_day,4001,44,220.0,greedy,True
52,24,0,0.0,0.0,0.0,True,,0,0,False,47,0.011227057321662848,0.0,0.011227057321662848,False,0.9970967466484504,1,0,True,47,0.09614793382561704,0.0,0.09614793382561704,False,0.9966697976261634,3,0,True,47.0,0.3509105633374805,0.0,0.3509105633374805,False,0.995559730168218,3.0,0.0,True,47.0,0.8604358223612039,0.0,0.8604358223612039,False,0.995559730168218,3.0,0.0,True,47.0,1.8794863404086328,0.0,1.8794863404086328,False,0.995559730168218,3.0,0.0,True,full_day,4001,48,240.0,greedy,True
49,24,8,0.28409813621871693,0.28409813621871693,0.0,True,,0,0,False,8,0.7093289529905356,0.7093289529905356,0.0,True,0.9993876613767413,0,0,False,8,1.1345597697623542,1.1345597697623542,0.0,True,0.9993876613767413,0,0,False,8.0,2.410252220077809,2.410252220077809,0.0,True,0.9993876613767413,0.0,0.0,False,8.0,4.961637120708718,4.961637120708718,0.0,True,0.9993876613767413,0.0,0.0,False,8.0,10.06440692197054,10.06440692197054,0.0,True,0.9993876613767413,0.0,0.0,False,full_day,4001,52,260.0,greedy,True
46,24,0,0.0,0.0,0.0,True,,0,0,False,0,0.0,0.0,0.0,True,0.9850727855909204,0,0,False,0,0.0,0.0,0.0,True,0.9844559585492229,0,0,False,47.0,0.12624167663064867,0.0,0.12624167663064867,False,0.9807549962990377,3.0,0.0,True,47.0,0.40494875460942836,0.0,0.40494875460942836,False,0.878485072785591,4.0,0.0,True,47.0,0.9623629105669664,0.0,0.9623629105669664,False,0.878485072785591,4.0,0.0,True,full_day,4001,56,280.0,greedy,True
46,24,8,0.08208201164010591,0.08208201164010591,0.0,True,,0,0,False,8,0.3026899163381317,0.3026899163381317,0.0,True,1.0,0,0,False,8,0.5232978210361574,0.5232978210361574,0.0,True,1.0,0,0,False,8.0,1.1851215351302349,1.1851215351302349,0.0,True,1.0,0.0,0.0,False,8.0,2.50876896331839,2.50876896331839,0.0,True,1.0,0.0,0.0,False,8.0,5.156063819694697,5.156063819694697,0.0,True,1.0,0.0,0.0,False,full_day,4001,60,300.0,greedy,True
49,24,0,0.0,0.0,0.0,True,,0,0,False,0,0.0,0.0,0.0,True,1.0,0,0,False,0,0.0,0.0,0.0,True,1.0,0,0,False,0.0,0.0,0.0,0.0,True,1.0,0.0,0.0,False,0.0,0.0,0.0,0.0,True,1.0,0.0,0.0,False,0.0,0.0,0.0,0.0,True,1.0,0.0,0.0,False,full_day,4001,64,320.0,greedy,True
49,24,0,0.0,0.0,0.0,True,,0,0,False,0,0.0,0.0,0.0,True,1.0,0,0,False,0,0.0,0.0,0.0,True,1.0,0,0,False,0.0,0.0,0.0,0.0,True,1.0,0.0,0.0,False,0.0,0.0,0.0,0.0,True,1.0,0.0,0.0,False,0.0,0.0,0.0,0.0,True,1.0,0.0,0.0,False,full_day,4001,68,340.0,greedy,True
50,24,0,0.0,0.0,0.0,True,,0,0,False,0,0.0,0.0,0.0,True,0.9983671117087694,0,0,False,0,0.0,0.0,0.0,True,0.9937566035923542,0,0,False,0.0,0.0,0.0,0.0,True,0.9707040630102775,0.0,0.0,False,0.0,0.0,0.0,0.0,True,0.8853136106041686,0.0,0.0,False,0.0,0.0,0.0,0.0,True,0.7743732590529249,0.0,0.0,False,full_day,4001,72,360.0,greedy,True
45,24,0,0.0,0.0,0.0,True,,0,0,False,0,0.0,0.0,0.0,True,1.0,0,0,False,0,0.0,0.0,0.0,True,1.0,0,0,False,0.0,0.0,0.0,0.0,True,1.0,0.0,0.0,False,0.0,0.0,0.0,0.0,True,1.0,0.0,0.0,False,0.0,0.0,0.0,0.0,True,1.0,0.0,0.0,False,full_day,4001,76,380.0,greedy,True
52,24,0,0.0,0.0,0.0,True,,0,0,False,0,0.0,0.0,0.0,True,0.9999146065496777,0,0,False,0,0.0,0.0,0.0,True,0.9999146065496777,0,0,False,0.0,0.0,0.0,0.0,True,0.9999146065496777,0.0,0.0,False,0.0,0.0,0.0,0.0,True,0.9999146065496777,0.0,0.0,False,0.0,0.0,0.0,0.0,True,0.9999146065496777,0.0,0.0,False,full_day,4001,80,400.0,greedy,True
52,24,0,0.0,0.0,0.0,True,,0,0,False,0,0.0,0.0,0.0,True,0.9999999999999999,0,0,False,0,0.0,0.0,0.0,True,0.9999999999999999,0,0,False,0.0,0.0,0.0,0.0,True,0.9999999999999999,0.0,0.0,False,0.0,0.0,0.0,0.0,True,0.9999999999999999,0.0,0.0,False,0.0,0.0,0.0,0.0,True,0.9999999999999999,0.0,0.0,False,full_day,4001,84,420.0,greedy,True
52,24,0,0.0,0.0,0.0,True,,0,0,False,0,0.0,0.0,0.0,True,1.0,0,0,False,0,0.0,0.0,0.0,True,1.0,0,0,False,0.0,0.0,0.0,0.0,True,1.0,0.0,0.0,False,0.0,0.0,0.0,0.0,True,1.0,0.0,0.0,False,0.0,0.0,0.0,0.0,True,1.0,0.0,0.0,False,full_day,4001,88,440.0,greedy,True
52,24,18,0.0013746971338086666,0.0013746971338086666,0.0,True,,0,0,False,18,0.23789339757783434,0.23789339757783434,0.0,True,1.0,0,0,False,18,0.47441209802186,0.47441209802186,0.0,True,1.0,0,0,False,18.0,1.1839681993539397,1.1839681993539397,0.0,True,1.0,0.0,0.0,False,18.0,2.6030804020180867,2.6030804020180867,0.0,True,1.0,0.0,0.0,False,18.0,5.441304807346363,5.441304807346363,0.0,True,1.0,0.0,0.0,False,full_day,4001,92,460.0,greedy,True
52,24,0,0.0,0.0,0.0,True,,0,0,False,0,0.0,0.0,0.0,True,0.9999999999999999,0,0,False,0,0.0,0.0,0.0,True,0.9999999999999999,0,0,False,0.0,0.0,0.0,0.0,True,0.9999999999999999,0.0,0.0,False,0.0,0.0,0.0,0.0,True,0.9999999999999999,0.0,0.0,False,0.0,0.0,0.0,0.0,True,0.9999999999999999,0.0,0.0,False,full_day,4001,96,480.0,greedy,True
52,24,0,0.0,0.0,0.0,True,,0,0,False,0,0.0,0.0,0.0,True,0.9999999999999999,0,0,False,0,0.0,0.0,0.0,True,0.9999999999999999,0,0,False,0.0,0.0,0.0,0.0,True,0.9999999999999999,0.0,0.0,False,0.0,0.0,0.0,0.0,True,0.9999999999999999,0.0,0.0,False,0.0,0.0,0.0,0.0,True,0.9999999999999999,0.0,0.0,False,full_day,4001,100,500.0,greedy,True
52,24,0,0.0,0.0,0.0,True,,0,0,False,0,0.0,0.0,0.0,True,0.9999999999999999,0,0,False,0,0.0,0.0,0.0,True,0.9999999999999999,0,0,False,0.0,0.0,0.0,0.0,True,0.9999999999999999,0.0,0.0,False,0.0,0.0,0.0,0.0,True,0.9999999999999999,0.0,0.0,False,0.0,0.0,0.0,0.0,True,0.9999999999999999,0.0,0.0,False,full_day,4001,104,520.0,greedy,True
52,24,0,0.0,0.0,0.0,True,,0,0,False,0,0.0,0.0,0.0,True,0.9999999999999999,0,0,False,0,0.0,0.0,0.0,True,0.9999999999999999,0,0,False,0.0,0.0,0.0,0.0,True,0.9999999999999999,0.0,0.0,False,0.0,0.0,0.0,0.0,True,0.9999999999999999,0.0,0.0,False,0.0,0.0,0.0,0.0,True,0.9999999999999999,0.0,0.0,False,full_day,4001,108,540.0,greedy,True
52,24,47,0.17064206032232354,0.17064206032232354,0.0,True,,0,0,False,47,0.49910296821475164,0.49910296821475164,0.0,True,1.0,0,0,False,47,0.8275638761071802,0.8275638761071802,0.0,True,1.0,0,0,False,47.0,1.8129465997844623,1.8129465997844623,0.0,True,1.0,0.0,0.0,False,47.0,3.7837120471390264,3.7837120471390264,0.0,True,1.0,0.0,0.0,False,47.0,7.725242941848158,7.725242941848158,0.0,True,1.0,0.0,0.0,False,full_day,4001,112,560.0,greedy,True
52,24,0,0.0,0.0,0.0,True,,0,0,False,0,0.0,0.0,0.0,True,0.9986338797814209,0,0,False,0,0.0,0.0,0.0,True,0.9984631147540984,0,0,False,0.0,0.0,0.0,0.0,True,0.9968408469945356,0.0,0.0,False,0.0,0.0,0.0,0.0,True,0.9968408469945356,0.0,0.0,False,0.0,0.0,0.0,0.0,True,0.9968408469945356,0.0,0.0,False,full_day,4001,116,580.0,greedy,True
52,24,0,0.0,0.0,0.0,True,,0,0,False,0,0.0,0.0,0.0,True,0.9999999999999999,0,0,False,0,0.0,0.0,0.0,True,0.9999999999999999,0,0,False,0.0,0.0,0.0,0.0,True,0.9999999999999999,0.0,0.0,False,0.0,0.0,0.0,0.0,True,0.9999999999999999,0.0,0.0,False,0.0,0.0,0.0,0.0,True,0.9999146138410964,0.0,0.0,False,full_day,4001,120,600.0,greedy,True
52,24,0,0.0,0.0,0.0,True,,0,0,False,0,0.0,0.0,0.0,True,1.0,0,0,False,0,0.0,0.0,0.0,True,1.0,0,0,False,0.0,0.0,0.0,0.0,True,1.0,0.0,0.0,False,0.0,0.0,0.0,0.0,True,1.0,0.0,0.0,False,0.0,0.0,0.0,0.0,True,1.0,0.0,0.0,False,full_day,4001,124,620.0,greedy,True
52,24,0,0.0,0.0,0.0,True,,0,0,False,0,0.0,0.0,0.0,True,1.0,0,0,False,0,0.0,0.0,0.0,True,1.0,0,0,False,0.0,0.0,0.0,0.0,True,1.0,0.0,0.0,False,0.0,0.0,0.0,0.0,True,1.0,0.0,0.0,False,0.0,0.0,0.0,0.0,True,1.0,0.0,0.0,False,full_day,4001,128,640.0,greedy,True
52,24,0,0.0,0.0,0.0,True,,0,0,False,0,0.0,0.0,0.0,True,1.0,0,0,False,0,0.0,0.0,0.0,True,1.0,0,0,False,0.0,0.0,0.0,0.0,True,1.0,0.0,0.0,False,0.0,0.0,0.0,0.0,True,1.0,0.0,0.0,False,0.0,0.0,0.0,0.0,True,1.0,0.0,0.0,False,full_day,4001,132,660.0,greedy,True
52,24,0,0.0,0.0,0.0,True,,0,0,False,0,0.0,0.0,0.0,True,1.0,0,0,False,0,0.0,0.0,0.0,True,1.0,0,0,False,0.0,0.0,0.0,0.0,True,1.0,0.0,0.0,False,0.0,0.0,0.0,0.0,True,1.0,0.0,0.0,False,0.0,0.0,0.0,0.0,True,1.0,0.0,0.0,False,full_day,4001,136,680.0,greedy,True
52,24,0,0.0,0.0,0.0,True,,0,0,False,0,0.0,0.0,0.0,True,1.0,0,0,False,0,0.0,0.0,0.0,True,1.0,0,0,False,0.0,0.0,0.0,0.0,True,1.0,0.0,0.0,False,0.0,0.0,0.0,0.0,True,1.0,0.0,0.0,False,0.0,0.0,0.0,0.0,True,1.0,0.0,0.0,False,full_day,4001,140,700.0,greedy,True
52,24,0,0.0,0.0,0.0,True,,0,0,False,0,0.0,0.0,0.0,True,0.9999999999999999,0,0,False,0,0.0,0.0,0.0,True,0.9999999999999999,0,0,False,0.0,0.0,0.0,0.0,True,0.9999999999999999,0.0,0.0,False,0.0,0.0,0.0,0.0,True,0.9999999999999999,0.0,0.0,False,0.0,0.0,0.0,0.0,True,0.9999999999999999,0.0,0.0,False,full_day,4001,144,720.0,greedy,True
52,24,0,0.0,0.0,0.0,True,,0,0,False,0,0.0,0.0,0.0,True,1.0,0,0,False,0,0.0,0.0,0.0,True,1.0,0,0,False,0.0,0.0,0.0,0.0,True,1.0,0.0,0.0,False,0.0,0.0,0.0,0.0,True,1.0,0.0,0.0,False,0.0,0.0,0.0,0.0,True,1.0,0.0,0.0,False,full_day,4001,148,740.0,greedy,True
52,24,0,0.0,0.0,0.0,True,,0,0,False,0,0.0,0.0,0.0,True,1.0,0,0,False,0,0.0,0.0,0.0,True,1.0,0,0,False,0.0,0.0,0.0,0.0,True,1.0,0.0,0.0,False,0.0,0.0,0.0,0.0,True,1.0,0.0,0.0,False,0.0,0.0,0.0,0.0,True,1.0,0.0,0.0,False,full_day,4001,152,760.0,greedy,True
52,24,0,0.0,0.0,0.0,True,,0,0,False,0,0.0,0.0,0.0,True,0.9975238013917943,0,0,False,0,0.0,0.0,0.0,True,0.9967553259616615,0,0,False,0.0,0.0,0.0,0.0,True,0.996669939802758,0.0,0.0,False,0.0,0.0,0.0,0.0,True,0.996669939802758,0.0,0.0,False,0.0,0.0,0.0,0.0,True,0.996669939802758,0.0,0.0,False,full_day,4001,156,780.0,greedy,True
52,24,0,0.0,0.0,0.0,True,,0,0,False,0,0.0,0.0,0.0,True,1.0,0,0,False,0,0.0,0.0,0.0,True,1.0,0,0,False,0.0,0.0,0.0,0.0,True,1.0,0.0,0.0,False,0.0,0.0,0.0,0.0,True,1.0,0.0,0.0,False,0.0,0.0,0.0,0.0,True,1.0,0.0,0.0,False,full_day,4001,160,800.0,greedy,True
52,24,0,0.0,0.0,0.0,True,,0,0,False,0,0.0,0.0,0.0,True,1.0,0,0,False,0,0.0,0.0,0.0,True,1.0,0,0,False,0.0,0.0,0.0,0.0,True,1.0,0.0,0.0,False,0.0,0.0,0.0,0.0,True,1.0,0.0,0.0,False,0.0,0.0,0.0,0.0,True,1.0,0.0,0.0,False,full_day,4001,164,820.0,greedy,True
52,24,0,0.0,0.0,0.0,True,,0,0,False,0,0.0,0.0,0.0,True,1.0,0,0,False,0,0.0,0.0,0.0,True,1.0,0,0,False,0.0,0.0,0.0,0.0,True,1.0,0.0,0.0,False,0.0,0.0,0.0,0.0,True,1.0,0.0,0.0,False,0.0,0.0,0.0,0.0,True,1.0,0.0,0.0,False,full_day,4001,168,840.0,greedy,True
52,24,0,0.0,0.0,0.0,True,,0,0,False,0,0.0,0.0,0.0,True,1.0,0,0,False,0,0.0,0.0,0.0,True,1.0,0,0,False,0.0,0.0,0.0,0.0,True,1.0,0.0,0.0,False,0.0,0.0,0.0,0.0,True,1.0,0.0,0.0,False,0.0,0.0,0.0,0.0,True,1.0,0.0,0.0,False,full_day,4001,172,860.0,greedy,True
52,24,0,0.0,0.0,0.0,True,,0,0,False,0,0.0,0.0,0.0,True,1.0,0,0,False,0,0.0,0.0,0.0,True,1.0,0,0,False,0.0,0.0,0.0,0.0,True,1.0,0.0,0.0,False,0.0,0.0,0.0,0.0,True,1.0,0.0,0.0,False,0.0,0.0,0.0,0.0,True,1.0,0.0,0.0,False,full_day,4001,176,880.0,greedy,True
52,24,0,0.0,0.0,0.0,True,,0,0,False,0,0.0,0.0,0.0,True,0.9999999999999999,0,0,False,0,0.0,0.0,0.0,True,0.9999999999999999,0,0,False,0.0,0.0,0.0,0.0,True,0.9999999999999999,0.0,0.0,False,0.0,0.0,0.0,0.0,True,0.9999999999999999,0.0,0.0,False,0.0,0.0,0.0,0.0,True,0.9999999999999999,0.0,0.0,False,full_day,4001,180,900.0,greedy,True
52,24,0,0.0,0.0,0.0,True,,0,0,False,0,0.0,0.0,0.0,True,0.9999999999999999,0,0,False,0,0.0,0.0,0.0,True,0.9999999999999999,0,0,False,0.0,0.0,0.0,0.0,True,0.9999999999999999,0.0,0.0,False,0.0,0.0,0.0,0.0,True,0.9999999999999999,0.0,0.0,False,0.0,0.0,0.0,0.0,True,0.9999999999999999,0.0,0.0,False,full_day,4001,184,920.0,greedy,True
52,24,0,0.0,0.0,0.0,True,,0,0,False,58,0.00822035445941971,0.0,0.00822035445941971,False,0.9999146174863389,1,0,True,58,0.10072525669587673,0.0,0.10072525669587673,False,0.999146174863388,4,0,True,58.0,0.37823996340524957,0.0,0.37823996340524957,False,0.999146174863388,4.0,0.0,True,58.0,0.9332693768239899,0.0,0.9332693768239899,False,0.999146174863388,4.0,0.0,True,58.0,2.04332820366146,0.0,2.04332820366146,False,0.999146174863388,4.0,0.0,True,full_day,4001,188,940.0,greedy,True
52,24,0,0.0,0.0,0.0,True,,0,0,False,0,0.0,0.0,0.0,True,0.9994876392980659,0,0,False,0,0.0,0.0,0.0,True,0.9991460654967764,0,0,False,0.0,0.0,0.0,0.0,True,0.9943640322787242,0.0,0.0,False,0.0,0.0,0.0,0.0,True,0.9922291960206653,0.0,0.0,False,0.0,0.0,0.0,0.0,True,0.9922291960206653,0.0,0.0,False,full_day,4001,192,960.0,greedy,True
52,24,0,0.0,0.0,0.0,True,,0,0,False,0,0.0,0.0,0.0,True,0.9999146138410964,0,0,False,0,0.0,0.0,0.0,True,0.9999146138410964,0,0,False,0.0,0.0,0.0,0.0,True,0.9999146138410964,0.0,0.0,False,0.0,0.0,0.0,0.0,True,0.9999146138410964,0.0,0.0,False,0.0,0.0,0.0,0.0,True,0.9999146138410964,0.0,0.0,False,full_day,4001,196,980.0,greedy,True
52,24,0,0.0,0.0,0.0,True,,0,0,False,0,0.0,0.0,0.0,True,1.0,0,0,False,0,0.0,0.0,0.0,True,1.0,0,0,False,0.0,0.0,0.0,0.0,True,1.0,0.0,0.0,False,0.0,0.0,0.0,0.0,True,1.0,0.0,0.0,False,0.0,0.0,0.0,0.0,True,1.0,0.0,0.0,False,full_day,4001,200,1000.0,greedy,True
52,24,0,0.0,0.0,0.0,True,,0,0,False,0,0.0,0.0,0.0,True,0.9999999999999999,0,0,False,0,0.0,0.0,0.0,True,0.9999999999999999,0,0,False,0.0,0.0,0.0,0.0,True,0.9999999999999999,0.0,0.0,False,0.0,0.0,0.0,0.0,True,0.9999999999999999,0.0,0.0,False,0.0,0.0,0.0,0.0,True,0.9999999999999999,0.0,0.0,False,full_day,4001,204,1020.0,greedy,True
52,24,0,0.0,0.0,0.0,True,,0,0,False,0,0.0,0.0,0.0,True,1.0,0,0,False,0,0.0,0.0,0.0,True,1.0,0,0,False,0.0,0.0,0.0,0.0,True,1.0,0.0,0.0,False,0.0,0.0,0.0,0.0,True,1.0,0.0,0.0,False,0.0,0.0,0.0,0.0,True,1.0,0.0,0.0,False,full_day,4001,208,1040.0,greedy,True
52,24,0,0.0,0.0,0.0,True,,0,0,False,0,0.0,0.0,0.0,True,0.99982924226254,0,0,False,0,0.0,0.0,0.0,True,0.99982924226254,0,0,False,0.0,0.0,0.0,0.0,True,0.9996584845250799,0.0,0.0,False,0.0,0.0,0.0,0.0,True,0.9996584845250799,0.0,0.0,False,0.0,0.0,0.0,0.0,True,0.9996584845250799,0.0,0.0,False,full_day,4001,212,1060.0,greedy,True
46,24,0,0.0,0.0,0.0,True,,0,0,False,0,0.0,0.0,0.0,True,0.9991365486616505,0,0,False,0,0.0,0.0,0.0,True,0.9974096459849513,0,0,False,0.0,0.0,0.0,0.0,True,0.9885284322190699,0.0,0.0,False,0.0,0.0,0.0,0.0,True,0.9669421487603307,0.0,0.0,False,0.0,0.0,0.0,0.0,True,0.8875046256321698,0.0,0.0,False,full_day,4001,216,1080.0,greedy,True
49,24,0,0.0,0.0,0.0,True,,0,0,False,0,0.0,0.0,0.0,True,0.9998979539772437,0,0,False,0,0.0,0.0,0.0,True,0.9998979539772437,0,0,False,0.0,0.0,0.0,0.0,True,0.9998979539772437,0.0,0.0,False,0.0,0.0,0.0,0.0,True,0.9998979539772437,0.0,0.0,False,0.0,0.0,0.0,0.0,True,0.9998979539772437,0.0,0.0,False,full_day,4001,220,1100.0,greedy,True
52,24,0,0.0,0.0,0.0,True,,0,0,False,0,0.0,0.0,0.0,True,0.9997438633938099,0,0,False,0,0.0,0.0,0.0,True,0.99931696905016,0,0,False,0.0,0.0,0.0,0.0,True,0.9984631803628601,0.0,0.0,False,0.0,0.0,0.0,0.0,True,0.9942796157950907,0.0,0.0,False,0.0,0.0,0.0,0.0,True,0.9942796157950907,0.0,0.0,False,full_day,4001,224,1120.0,greedy,True
52,24,0,0.0,0.0,0.0,True,,0,0,False,0,0.0,0.0,0.0,True,0.9999146174863389,0,0,False,0,0.0,0.0,0.0,True,0.9999146174863389,0,0,False,0.0,0.0,0.0,0.0,True,0.9994877049180328,0.0,0.0,False,0.0,0.0,0.0,0.0,True,0.9959870218579235,0.0,0.0,False,0.0,0.0,0.0,0.0,True,0.9844603825136612,0.0,0.0,False,full_day,4001,228,1140.0,greedy,True
52,24,0,0.0,0.0,0.0,True,,0,0,False,0,0.0,0.0,0.0,True,0.9999146174863389,0,0,False,0,0.0,0.0,0.0,True,0.9999146174863389,0,0,False,0.0,0.0,0.0,0.0,True,0.9999146174863389,0.0,0.0,False,0.0,0.0,0.0,0.0,True,0.9999146174863389,0.0,0.0,False,0.0,0.0,0.0,0.0,True,0.9999146174863389,0.0,0.0,False,full_day,4001,232,1160.0,greedy,True
52,24,0,0.0,0.0,0.0,True,,0,0,False,0,0.0,0.0,0.0,True,1.0,0,0,False,0,0.0,0.0,0.0,True,1.0,0,0,False,0.0,0.0,0.0,0.0,True,0.9999146174863389,0.0,0.0,False,0.0,0.0,0.0,0.0,True,0.9998292349726776,0.0,0.0,False,0.0,0.0,0.0,0.0,True,0.9998292349726776,0.0,0.0,False,full_day,4001,236,1180.0,greedy,True
49,24,0,0.0,0.0,0.0,True,,0,0,False,0,0.0,0.0,0.0,True,0.9999999999999999,0,0,False,0,0.0,0.0,0.0,True,0.9999999999999999,0,0,False,0.0,0.0,0.0,0.0,True,0.9999999999999999,0.0,0.0,False,0.0,0.0,0.0,0.0,True,0.9999999999999999,0.0,0.0,False,0.0,0.0,0.0,0.0,True,0.9999999999999999,0.0,0.0,False,full_day,4001,240,1200.0,greedy,True
52,24,0,0.0,0.0,0.0,True,,0,0,False,0,0.0,0.0,0.0,True,0.99982924226254,0,0,False,0,0.0,0.0,0.0,True,0.99982924226254,0,0,False,0.0,0.0,0.0,0.0,True,0.99982924226254,0.0,0.0,False,0.0,0.0,0.0,0.0,True,0.99982924226254,0.0,0.0,False,0.0,0.0,0.0,0.0,True,0.99982924226254,0.0,0.0,False,full_day,4001,244,1220.0,greedy,True
52,24,0,0.0,0.0,0.0,True,,0,0,False,50,0.10877075378512324,0.0,0.10877075378512324,False,0.9994877267876199,2,0,True,50,0.235850230915859,0.0,0.235850230915859,False,0.99940234791889,2,0,True,50.0,0.6170886623080669,0.0,0.6170886623080669,False,0.99931696905016,2.0,0.0,True,50.0,1.3795655250924828,0.0,1.3795655250924828,False,0.9985485592315901,2.0,0.0,True,50.0,2.9045192506613056,0.0,2.9045192506613056,False,0.9976093916755602,2.0,0.0,True,full_day,4001,248,1240.0,greedy,True
49,24,0,0.0,0.0,0.0,True,,0,0,False,0,0.0,0.0,0.0,True,1.0,0,0,False,0,0.0,0.0,0.0,True,1.0,0,0,False,0.0,0.0,0.0,0.0,True,1.0,0.0,0.0,False,0.0,0.0,0.0,0.0,True,1.0,0.0,0.0,False,0.0,0.0,0.0,0.0,True,1.0,0.0,0.0,False,full_day,4001,252,1260.0,greedy,True
52,24,0,0.0,0.0,0.0,True,,0,0,False,0,0.0,0.0,0.0,True,0.9986338797814209,0,0,False,0,0.0,0.0,0.0,True,0.9986338797814209,0,0,False,0.0,0.0,0.0,0.0,True,0.9986338797814209,0.0,0.0,False,50.0,0.11169994178274578,0.0,0.11169994178274578,False,0.9979508196721313,2.0,0.0,True,50.0,0.3631089619210499,0.0,0.3631089619210499,False,0.9979508196721313,2.0,0.0,True,full_day,4001,256,1280.0,greedy,True
49,24,17,0.7518122997913489,0.7518122997913489,0.0,True,,0,0,False,17,1.6800956728498477,1.6800956728498477,0.0,True,1.0,0,0,False,17,2.6083790459083462,2.6083790459083462,0.0,True,0.999591753419065,0,0,False,17.0,5.393229165083842,5.393229165083842,0.0,True,0.9975505205143906,0.0,0.0,False,17.0,10.962929403434833,10.962929403434833,0.0,True,0.9960195958358848,0.0,0.0,False,17.0,22.102329880136832,22.102329880136832,0.0,True,0.9891814656052255,0.0,0.0,False,full_day,4001,260,1300.0,greedy,True
44,24,32,1.1513270879519797,1.1513270879519797,0.0,True,,0,0,False,32,2.4526136114148294,2.4526136114148294,0.0,True,0.9994361432196222,0,0,False,32,3.753900134877679,3.753900134877679,0.0,True,0.9991542148294333,0,0,False,32.0,7.657759705266228,7.657759705266228,0.0,True,0.9988722864392443,0.0,0.0,False,32.0,15.465478846043329,15.465478846043329,0.0,True,0.9942204680011275,0.0,0.0,False,32.0,31.080917127597516,31.080917127597516,0.0,True,0.9791372991260219,0.0,0.0,False,full_day,4001,264,1320.0,greedy,True
46,20,0,0.0,0.0,0.0,True,,0,0,False,18,0.005389836840363316,0.0,0.005389836840363316,False,0.9905020352781548,1,0,True,18,0.12635065700540715,0.0,0.12635065700540715,False,0.9691624522018009,1,0,True,18.0,0.4892331175005391,0.0,0.4892331175005391,False,0.9385716047859874,2.0,0.0,True,18.0,1.2149980384908012,0.0,1.2149980384908012,False,0.9232761810780807,2.0,0.0,True,,,,,,,,,,full_day,4001,268,1340.0,greedy,True
49,16,0,0.0,0.0,0.0,True,,0,0,False,0,0.0,0.0,0.0,True,0.9999999999999999,0,0,False,8,0.06998029461449473,0.0,0.06998029461449473,False,0.9998979487702826,1,0,True,8.0,0.30675330266972445,0.0,0.30675330266972445,False,0.9997958975405653,1.0,0.0,True,8.0,0.7802993187801768,0.0,0.7802993187801768,False,0.9997958975405653,1.0,0.0,True,,,,,,,,,,full_day,4001,272,1360.0,greedy,True
52,12,8,0.2279626666418335,0.2279626666418335,0.0,True,,0,0,False,8,0.5966140178630135,0.5966140178630135,0.0,True,0.9999999999999999,0,0,False,8,0.965265369084193,0.965265369084193,0.0,True,0.9999146138410964,0,0,False,8.0,2.0712194227477303,2.0712194227477303,0.0,True,0.9999146138410964,0.0,0.0,False,8.0,4.283127530074809,4.283127530074809,0.0,True,0.9999146138410964,0.0,0.0,False,,,,,,,,,,full_day,4001,276,1380.0,greedy,True
48,8,16,0.5423443225468084,0.5423443225468084,0.0,True,,0,0,False,16,1.2682066270047712,1.2682066270047712,0.0,True,0.999131473238519,0,0,False,16,1.994068931462734,1.994068931462734,0.0,True,0.9985886440125936,0,0,False,16.0,4.171655844836622,4.171655844836622,0.0,True,0.9952231028118554,0.0,0.0,False,,,,,,,,,,,,,,,,,,,full_day,4001,280,1400.0,greedy,True
45,4,0,0.0,0.0,0.0,True,,0,0,False,0,0.0,0.0,0.0,True,0.9999999999999999,0,0,False,0,0.0,0.0,0.0,True,0.9999999999999999,0,0,False,,,,,,,,,,,,,,,,,,,,,,,,,,,,full_day,4001,284,1420.0,greedy,True
