n_legal,rollout_length,best_a_h1,best_delta_h1,myopic_delta_h1,myopic_regret_h1,agree_h1,spearman_h1_h1,n_sacrifice_h1,n_misleading_h1,best_is_sacrifice_h1,best_a_h2,best_delta_h2,myopic_delta_h2,myopic_regret_h2,agree_h2,spearman_h1_h2,n_sacrifice_h2,n_misleading_h2,best_is_sacrifice_h2,best_a_h3,best_delta_h3,myopic_delta_h3,myopic_regret_h3,agree_h3,spearman_h1_h3,n_sacrifice_h3,n_misleading_h3,best_is_sacrifice_h3,best_a_h6,best_delta_h6,myopic_delta_h6,myopic_regret_h6,agree_h6,spearman_h1_h6,n_sacrifice_h6,n_misleading_h6,best_is_sacrifice_h6,best_a_h12,best_delta_h12,myopic_delta_h12,myopic_regret_h12,agree_h12,spearman_h1_h12,n_sacrifice_h12,n_misleading_h12,best_is_sacrifice_h12,best_a_h24,best_delta_h24,myopic_delta_h24,myopic_regret_h24,agree_h24,spearman_h1_h24,n_sacrifice_h24,n_misleading_h24,best_is_sacrifice_h24,scenario,seed,step,t_min,reference_policy,frozen,continuation
49,24,0,0.0,0.0,0.0,True,,0,0,False,15,0.5077794735846817,0.0,0.5077794735846817,False,0.6999285459090672,4,0,True,15,2.300756669995116,0.0,2.300756669995116,False,0.6972720656324704,4,0,True,14.0,7.762527404024644,0.0,7.762527404024644,False,0.5729305008635702,4.0,0.0,True,14.0,19.331104159076055,0.0,19.331104159076055,False,0.46537383500231044,4.0,0.0,True,14.0,39.178714790746376,0.0,39.178714790746376,False,0.4117887350184936,4.0,0.0,True,evening_peak,4002,0,0.0,greedy,False,noop
52,24,0,0.0,0.0,0.0,True,,0,0,False,0,0.0,0.0,0.0,True,0.9253399946599602,0,0,False,0,0.0,0.0,0.0,True,0.7645438840641636,0,0,False,19.0,0.4150168079509875,0.0,0.4150168079509875,False,0.675290860351757,5.0,0.0,True,19.0,0.7254799578753985,0.0,0.7254799578753985,False,0.5658661606563943,6.0,0.0,True,19.0,5.9771874523331405,0.0,5.9771874523331405,False,0.4328316837735419,8.0,0.0,True,evening_peak,4002,4,20.0,greedy,False,noop
52,24,0,0.0,0.0,0.0,True,,0,0,False,0,0.0,0.0,0.0,True,0.6531745038972214,0,0,False,39,0.0724017535889252,0.0,0.0724017535889252,False,0.6343452480324892,1,0,True,19.0,0.22757619874648327,0.0,0.22757619874648327,False,0.5347849349918511,3.0,0.0,True,27.0,0.9630785435261071,0.0,0.9630785435261071,False,0.2742235061035175,8.0,0.0,True,19.0,5.437504736305566,0.0,5.437504736305566,False,0.2879709713012962,8.0,0.0,True,evening_peak,4002,8,40.0,greedy,False,noop
52,24,0,0.0,0.0,0.0,True,,0,0,False,0,0.0,0.0,0.0,True,0.6688013700173177,0,0,False,0,0.0,0.0,0.0,True,0.5626641082322521,0,0,False,27.0,0.5152367032772975,0.0,0.5152367032772975,False,0.4272387685772932,5.0,0.0,True,27.0,0.9644594020048434,0.0,0.9644594020048434,False,0.43726252333204013,4.0,0.0,True,50.0,2.980470815278615,0.0,2.980470815278615,False,0.39640524596153026,5.0,0.0,True,evening_peak,4002,12,60.0,greedy,False,noop
52,24,0,0.0,0.0,0.0,True,,0,0,False,8,0.5528382016653666,0.0,0.5528382016653666,False,0.6826060974541841,3,0,True,8,1.002016366196445,0.0,1.002016366196445,False,0.6097982721438387,3,0,True,27.0,0.9595889237512907,0.0,0.9595889237512907,False,0.48781112759477085,3.0,0.0,True,27.0,0.9981223213563926,0.0,0.9981223213563926,False,0.5767285024416973,2.0,0.0,True,58.0,1.6273428919270962,0.0,1.6273428919270962,False,0.44327278413295895,5.0,0.0,True,evening_peak,4002,16,80.0,greedy,False,noop
52,24,0,0.0,0.0,0.0,True,,0,0,False,0,0.0,0.0,0.0,True,0.7232788999782098,0,0,False,0,0.0,0.0,0.0,True,0.7044785066026007,0,0,False,0.0,0.0,0.0,0.0,True,0.63359447070377,0.0,0.0,False,58.0,0.9339259681398637,0.0,0.9339259681398637,False,0.47985997242169487,3.0,0.0,True,58.0,1.6192404415628268,0.0,1.6192404415628268,False,0.4150532608437471,3.0,0.0,True,evening_peak,4002,20,100.0,greedy,False,noop
52,24,0,0.0,0.0,0.0,True,,0,0,False,0,0.0,0.0,0.0,True,0.804482870685875,0,0,False,0,0.0,0.0,0.0,True,0.7485804578371007,0,0,False,0.0,0.0,0.0,0.0,True,0.6575588121140085,0.0,0.0,False,58.0,0.9570491552988294,0.0,0.9570491552988294,False,0.5031379431738469,3.0,0.0,True,58.0,2.390472307634532,0.0,2.390472307634532,False,0.4381497239291685,4.0,0.0,True,evening_peak,4002,24,120.0,greedy,False,noop
46,24,0,0.0,0.0,0.0,True,,0,0,False,0,0.0,0.0,0.0,True,0.9435894277072213,0,0,False,58,0.7521672582566075,0.0,0.7521672582566075,False,0.6684554663592444,5,0,True,58.0,0.9679683782419932,0.0,0.9679683782419932,False,0.5667232098273206,5.0,0.0,True,58.0,1.1053872047685047,0.0,1.1053872047685047,False,0.4080059242787092,4.0,0.0,True,58.0,2.574292800692688,0.0,2.574292800692688,False,0.2964904728658738,8.0,0.0,True,evening_peak,4002,28,140.0,greedy,False,noop
49,24,0,0.0,0.0,0.0,True,,0,0,False,0,0.0,0.0,0.0,True,0.7131885816825903,0,0,False,0,0.0,0.0,0.0,True,0.7020641461640724,0,0,False,58.0,0.5028847033118007,0.0,0.5028847033118007,False,0.5507105876873579,2.0,0.0,True,58.0,0.5006998194927021,0.0,0.5006998194927021,False,0.4333205801299613,2.0,0.0,True,8.0,3.1467136031593537,0.0,3.1467136031593537,False,0.32264319691023846,7.0,0.0,True,evening_peak,4002,32,160.0,greedy,False,noop
49,24,0,0.0,0.0,0.0,True,,0,0,False,0,0.0,0.0,0.0,True,0.8509172559093581,0,0,False,0,0.0,0.0,0.0,True,0.7768025728335676,0,0,False,0.0,0.0,0.0,0.0,True,0.7145627142015513,0.0,0.0,False,8.0,0.016031898645901155,0.0,0.016031898645901155,False,0.6167976356232756,1.0,0.0,True,8.0,4.334641888002173,0.0,4.334641888002173,False,0.5513827970338449,4.0,0.0,True,evening_peak,4002,36,180.0,greedy,False,noop
48,24,0,0.0,0.0,0.0,True,,0,0,False,0,0.0,0.0,0.0,True,0.7666920032155339,0,0,False,0,0.0,0.0,0.0,True,0.7199001236649966,0,0,False,8.0,0.008062466653305123,0.0,0.008062466653305123,False,0.623493652572474,1.0,0.0,True,8.0,0.5235886698889773,0.0,0.5235886698889773,False,0.5852241919191922,3.0,0.0,True,8.0,4.278405756694047,0.0,4.278405756694047,False,0.5243187524114161,4.0,0.0,True,evening_peak,4002,40,200.0,greedy,False,noop
48,24,0,0.0,0.0,0.0,True,,0,0,False,0,0.0,0.0,0.0,True,0.9172140545889759,0,0,False,0,0.0,0.0,0.0,True,0.854296731597225,0,0,False,50.0,0.04443014561851122,0.0,0.04443014561851122,False,0.8233537858635769,2.0,0.0,True,8.0,0.9183291257741135,0.0,0.9183291257741135,False,0.5976331396170711,4.0,0.0,True,50.0,1.6112932801789577,0.0,1.6112932801789577,False,0.4519298653203849,7.0,0.0,True,evening_peak,4002,44,220.0,greedy,False,noop
49,24,0,0.0,0.0,0.0,True,,0,0,False,19,0.4822509640727919,0.0,0.4822509640727919,False,0.6282084025163397,2,0,True,19,1.0756767162966532,0.0,1.0756767162966532,False,0.5931879114473387,2,0,True,19.0,3.2024914184548834,0.0,3.2024914184548834,False,0.26187013862776276,4.0,0.0,True,19.0,6.894934749915706,0.0,6.894934749915706,False,0.170940172331061,8.0,0.0,True,19.0,11.50956567420239,0.0,11.50956567420239,False,0.16155121958213112,10.0,0.0,True,evening_peak,4002,48,240.0,greedy,False,noop
49,24,0,0.0,0.0,0.0,True,,0,0,False,8,0.5403046585459637,0.0,0.5403046585459637,False,0.6139205012325631,4,0,True,8,1.028157781510848,0.0,1.028157781510848,False,0.6113690902890316,4,0,True,8.0,1.4859644965308068,0.0,1.4859644965308068,False,0.5883043353595063,4.0,0.0,True,8.0,2.449218044003212,0.0,2.449218044003212,False,0.5157422081254689,5.0,0.0,True,8.0,2.797710665309058,0.0,2.797710665309058,False,0.541868656187232,4.0,0.0,True,evening_peak,4002,52,260.0,greedy,False,noop
52,24,0,0.0,0.0,0.0,True,,0,0,False,0,0.0,0.0,0.0,True,0.7454906412707297,0,0,False,0,0.0,0.0,0.0,True,0.7115930597125485,0,0,False,0.0,0.0,0.0,0.0,True,0.6824343088255993,0.0,0.0,False,37.0,0.4555266376128717,0.0,0.4555266376128717,False,0.665101288532625,1.0,0.0,True,0.0,0.0,0.0,0.0,True,0.6773112486404838,0.0,0.0,False,evening_peak,4002,56,280.0,greedy,False,noop
52,24,0,0.0,0.0,0.0,True,,0,0,False,47,0.09986434179549963,0.0,0.09986434179549963,False,0.6883979081512992,3,0,True,47,0.09540375115869715,0.0,0.09540375115869715,False,0.6532328657704407,5,0,True,17.0,1.5446177403946546,0.0,1.5446177403946546,False,0.5166606196689022,6.0,0.0,True,50.0,0.9826764289778689,0.0,0.9826764289778689,False,0.5120925576705075,6.0,0.0,True,50.0,1.9026465602112417,0.0,1.9026465602112417,False,0.58291886472973,3.0,0.0,True,evening_peak,4002,60,300.0,greedy,False,noop
52,20,0,0.0,0.0,0.0,True,,0,0,False,16,0.3089337796142818,0.0,0.3089337796142818,False,0.436612804276472,3,0,True,17,0.627671636720872,0.0,0.627671636720872,False,0.3665549562450169,7,0,True,50.0,0.48643408295965573,0.0,0.48643408295965573,False,0.46594232383625844,2.0,0.0,True,50.0,1.5356867289106697,0.0,1.5356867289106697,False,0.476401905047536,2.0,0.0,True,,,,,,,,,,evening_peak,4002,64,320.0,greedy,False,noop
46,16,0,0.0,0.0,0.0,True,,0,0,False,15,0.40186959571228753,0.0,0.40186959571228753,False,0.5499568284790501,5,0,True,15,0.712512355188486,0.0,0.712512355188486,False,0.5440976943862488,5,0,True,58.0,0.8738235784065848,0.0,0.8738235784065848,False,0.43875663090725164,5.0,0.0,True,58.0,2.204216223296002,0.0,2.204216223296002,False,0.42432465851024614,6.0,0.0,True,,,,,,,,,,evening_peak,4002,68,340.0,greedy,False,noop
49,12,0,0.0,0.0,0.0,True,,0,0,False,50,0.4319300832333033,0.0,0.4319300832333033,False,0.8430452097922467,2,0,True,50,0.43268097271648154,0.0,0.43268097271648154,False,0.7494132064047164,2,0,True,50.0,0.3327716153607625,0.0,0.3327716153607625,False,0.6987957963990327,2.0,0.0,True,50.0,0.7725944616367535,0.0,0.7725944616367535,False,0.613838147548767,3.0,0.0,True,,,,,,,,,,evening_peak,4002,72,360.0,greedy,False,noop
44,8,0,0.0,0.0,0.0,True,,0,0,False,19,0.6055890798230772,0.0,0.6055890798230772,False,0.09606371410768229,9,0,True,19,2.213626300859463,0.0,2.213626300859463,False,0.08612608851033585,9,0,True,19.0,4.826706935005104,0.0,4.826706935005104,False,0.057018007859952285,9.0,0.0,True,,,,,,,,,,,,,,,,,,,evening_peak,4002,76,380.0,greedy,False,noop
46,4,0,0.0,0.0,0.0,True,,0,0,False,0,0.0,0.0,0.0,True,0.757725283622268,0,0,False,0,0.0,0.0,0.0,True,0.7323752558185438,0,0,False,,,,,,,,,,,,,,,,,,,,,,,,,,,,evening_peak,4002,80,400.0,greedy,False,noop
