n_legal,rollout_length,best_a_h1,best_delta_h1,myopic_delta_h1,myopic_regret_h1,agree_h1,spearman_h1_h1,n_sacrifice_h1,n_misleading_h1,best_is_sacrifice_h1,best_a_h2,best_delta_h2,myopic_delta_h2,myopic_regret_h2,agree_h2,spearman_h1_h2,n_sacrifice_h2,n_misleading_h2,best_is_sacrifice_h2,best_a_h3,best_delta_h3,myopic_delta_h3,myopic_regret_h3,agree_h3,spearman_h1_h3,n_sacrifice_h3,n_misleading_h3,best_is_sacrifice_h3,best_a_h6,best_delta_h6,myopic_delta_h6,myopic_regret_h6,agree_h6,spearman_h1_h6,n_sacrifice_h6,n_misleading_h6,best_is_sacrifice_h6,best_a_h12,best_delta_h12,myopic_delta_h12,myopic_regret_h12,agree_h12,spearman_h1_h12,n_sacrifice_h12,n_misleading_h12,best_is_sacrifice_h12,best_a_h24,best_delta_h24,myopic_delta_h24,myopic_regret_h24,agree_h24,spearman_h1_h24,n_sacrifice_h24,n_misleading_h24,best_is_sacrifice_h24,scenario,seed,step,t_min,reference_policy
49,24,15,2.1992899612686374,2.1992899612686374,0.0,True,,0,0,False,15,3.798009863629907,3.798009863629907,0.0,True,0.9256792961298288,0,0,False,15,5.008829420451627,5.008829420451627,0.0,True,0.9144533744524922,0,0,False,15.0,8.938089334523855,8.938089334523855,0.0,True,0.8438105940161229,0.0,0.0,False,15.0,17.129338585171222,17.129338585171222,0.0,True,0.8165629156461278,0.0,0.0,False,14.0,31.514438896606105,30.691297194756377,0.8231417018497282,False,0.5532566284031039,3.0,0.0,False,flash_crowd,4003,0,0.0,greedy
49,24,0,0.0,0.0,0.0,True,,0,0,False,8,0.6180861964107858,0.0,0.6180861964107858,False,0.9521404153273126,3,0,True,8,0.7505142523721089,0.0,0.7505142523721089,False,0.9333639471401602,3,0,True,26.0,1.4329953258107482,0.0,1.4329953258107482,False,0.8917064213723334,4.0,0.0,True,26.0,1.4257395127441308,0.0,1.4257395127441308,False,0.9319625503683149,3.0,0.0,True,26.0,4.872324356413799,0.0,4.872324356413799,False,0.6380264804749688,18.0,0.0,True,flash_crowd,4003,4,20.0,greedy
49,24,0,0.0,0.0,0.0,True,,0,0,False,0,0.0,0.0,0.0,True,0.8666989846034421,0,0,False,0,0.0,0.0,0.0,True,0.8502181314286562,0,0,False,0.0,0.0,0.0,0.0,True,0.835319031964144,0.0,0.0,False,26.0,1.8337238854052638,0.0,1.8337238854052638,False,0.6780110742617766,3.0,0.0,True,26.0,4.552513530807879,0.0,4.552513530807879,False,0.4593718920513829,17.0,0.0,True,flash_crowd,4003,8,40.0,greedy
48,24,15,1.7052620242018093,1.7052620242018093,0.0,True,,0,0,False,15,3.8548444020926564,3.8548444020926564,0.0,True,0.9991315675206253,0,0,False,15,6.047437870069687,6.047437870069687,0.0,True,0.9984802431610943,0,0,False,15.0,11.257737648742129,11.257737648742129,0.0,True,0.8501953973078592,0.0,0.0,False,15.0,12.770329777354117,12.770329777354117,0.0,True,0.7090751194094659,1.0,0.0,False,15.0,12.476712300130927,12.476712300130927,0.0,True,0.5475466782457664,10.0,0.0,False,flash_crowd,4003,12,60.0,greedy
48,24,0,0.0,0.0,0.0,True,,0,0,False,0,0.0,0.0,0.0,True,0.923469387755102,0,0,False,0,0.0,0.0,0.0,True,0.8861267911419887,0,0,False,0.0,0.0,0.0,0.0,True,0.8447676943117672,0.0,0.0,False,19.0,1.9481762309173618,0.0,1.9481762309173618,False,0.6672818063395571,13.0,0.0,True,6.0,2.656509445714242,0.0,2.656509445714242,False,0.6237516283108988,15.0,0.0,True,flash_crowd,4003,16,80.0,greedy
49,24,26,0.6967381885990716,0.6967381885990716,0.0,True,,0,0,False,26,1.4779289841105783,1.4779289841105783,0.0,True,0.8337755102040816,0,0,False,26,2.2451563650744255,2.2451563650744255,0.0,True,0.8277551020408163,0,0,False,26.0,3.1246390853113546,3.1246390853113546,0.0,True,0.5897959183673468,11.0,1.0,False,26.0,4.514103150237954,4.514103150237954,0.0,True,0.5671428571428571,12.0,1.0,False,26.0,7.092102124603585,7.092102124603585,0.0,True,0.4973469387755102,15.0,1.0,False,flash_crowd,4003,20,100.0,greedy
41,24,19,0.6170986574876887,0.6170986574876887,0.0,True,,0,0,False,19,0.9496886748120383,0.9496886748120383,0.0,True,0.8848432055749131,0,0,False,19,1.4726009676028031,1.4726009676028031,0.0,True,0.7942508710801396,0,0,False,19.0,3.383555734293111,3.383555734293111,0.0,True,0.6881533101045297,0.0,0.0,False,19.0,4.089934591273266,4.089934591273266,0.0,True,0.6907665505226481,2.0,0.0,False,19.0,10.0551652675085,10.0551652675085,0.0,True,0.5599303135888503,5.0,0.0,False,flash_crowd,4003,24,120.0,greedy
40,24,15,0.3308191543004746,0.3308191543004746,0.0,True,,0,0,False,15,1.2409208205523168,1.2409208205523168,0.0,True,0.9840525328330206,0,0,False,14,1.7015951491464278,1.1921763337054845,0.5094188154409434,False,0.9168855534709194,0,0,False,14.0,5.847843545285976,3.6262107439084605,2.221632801377515,False,0.8337711069418386,1.0,0.0,False,14.0,16.305079034018608,12.940775486738037,3.3643035472805707,False,0.6866791744840527,3.0,0.0,False,14.0,30.456969480714395,27.076200504214487,3.3807689764999083,False,0.6380863039399626,4.0,0.0,False,flash_crowd,4003,28,140.0,greedy
43,24,26,0.28473076768109107,0.28473076768109107,0.0,True,,0,0,False,26,0.283165866024061,0.283165866024061,0.0,True,0.9934684946862193,0,0,False,26,0.34971987857465914,0.34971987857465914,0.0,True,0.8772605435330619,0,0,False,26.0,0.9850868689982826,0.9850868689982826,0.0,True,0.6975497418797061,0.0,0.0,False,58.0,1.4406992566794994,1.225622254735736,0.21507700194376334,False,0.6882621668362764,5.0,0.0,True,58.0,5.432595602517926,2.216846336793566,3.2157492657243605,False,0.6748971198225604,5.0,0.0,True,flash_crowd,4003,32,160.0,greedy
46,24,0,0.0,0.0,0.0,True,,0,0,False,58,0.09690761032988171,0.0,0.09690761032988171,False,0.8582089568561156,3,0,True,58,0.2943622809559914,0.0,0.2943622809559914,False,0.7726039240055022,3,0,True,58.0,2.153421073071544,0.0,2.153421073071544,False,0.7453435317000472,3.0,0.0,True,18.0,4.162881878250294,0.0,4.162881878250294,False,0.49469594271957623,5.0,0.0,True,58.0,7.398165475202777,0.0,7.398165475202777,False,0.48057234580113933,5.0,0.0,True,flash_crowd,4003,36,180.0,greedy
45,20,0,0.0,0.0,0.0,True,,0,0,False,37,0.10240650760685588,0.0,0.10240650760685588,False,0.769550036234271,2,0,True,37,1.4182538580047348,0.0,1.4182538580047348,False,0.6003689307596021,3,0,True,37.0,2.5452867183973606,0.0,2.5452867183973606,False,0.7522893471243164,5.0,0.0,True,37.0,6.853742308137744,0.0,6.853742308137744,False,0.6931286646024113,5.0,0.0,True,,,,,,,,,,flash_crowd,4003,40,200.0,greedy
49,16,16,0.7099758579417278,0.7099758579417278,0.0,True,,0,0,False,16,0.5334409537693395,0.5334409537693395,0.0,True,0.9358130516863105,0,0,False,0,0.0,-0.5179493179564476,0.5179493179564476,False,0.8178478493800705,0,2,False,0.0,0.0,-1.4649811358872684,1.4649811358872684,False,0.7661105158426451,0.0,2.0,False,13.0,3.510867987848229,3.3366596555129773,0.1742083323352519,False,0.8728506556456962,0.0,0.0,False,,,,,,,,,,flash_crowd,4003,44,220.0,greedy
49,12,0,0.0,0.0,0.0,True,,0,0,False,0,0.0,0.0,0.0,True,0.9964283892035308,0,0,False,16,0.13361265229696428,0.0,0.13361265229696428,False,0.8450941374559927,2,0,True,13.0,4.847606270258894,0.0,4.847606270258894,False,0.7690698505025767,2.0,0.0,True,0.0,0.0,0.0,0.0,True,0.8095821215368132,0.0,0.0,False,,,,,,,,,,flash_crowd,4003,48,240.0,greedy
45,8,13,1.291936190696793,1.291936190696793,0.0,True,,0,0,False,13,3.034303971018966,3.034303971018966,0.0,True,0.9808946570920349,0,0,False,17,3.650541190809898,3.3904366581695564,0.2601045326403417,False,0.9804993741353184,0,0,False,17.0,3.52674045377243,1.2680503526308589,2.258690101141571,False,0.6741550826800183,2.0,0.0,False,,,,,,,,,,,,,,,,,,,flash_crowd,4003,52,260.0,greedy
48,4,49,0.0346545178841593,0.0346545178841593,0.0,True,,0,0,False,49,0.8358686657519039,0.8358686657519039,0.0,True,0.987733391228832,0,0,False,49,1.159097023058138,1.159097023058138,0.0,True,0.9878419452887538,0,0,False,,,,,,,,,,,,,,,,,,,,,,,,,,,,flash_crowd,4003,56,280.0,greedy
