training_root,algorithm,scenario,episodes,operational_return_mean,operational_return_std,delivered_ratio_mean,sla_violations_demand_intervals_mean,max_utilization_mean,loss_ratio_mean,delay_ms_mean,reroutes_per_hour_mean,moved_mbps_total_mean,protected_disconnection_demand_intervals_mean,unprotected_disconnection_demand_intervals_mean
42,maskable_ppo,full_day,5,313.79317697157387,25.99232822548524,0.9873947700127766,254.0,0.8572181473396476,0.012330701796395121,27.545524769485134,0.4416666666666666,898.7577120940601,0.0,0.0
42,maskable_ppo,evening_peak,5,27.682630258486796,16.728640782375813,0.9791294929846849,187.0,1.0377818953942386,0.020596715024480922,37.40917690688718,1.6285714285714286,1083.0555072495033,0.0,0.0
42,maskable_ppo,flash_crowd,5,-43.63836126704202,11.912562587760121,0.931150857199764,256.6,1.2406857850682145,0.06775605090848225,53.93931186874386,2.5199999999999996,1178.4980560964468,0.0,0.0
42,maskable_ppo,link_failure,5,-11.39924638530442,11.628042973229597,0.9658870791547283,176.8,1.1429373294692398,0.03377187672763206,38.73413103967546,2.5599999999999996,1467.8752526119697,0.0,0.0
42,maskable_ppo,deceptive_local_optimum,5,90.0959377051581,8.140718940494976,0.9988812313136144,16.4,0.7461784128654239,0.001098530415225733,18.740431029483542,1.8,623.3523479845524,0.0,0.0
42,maskable_ppo,ood_double_failure,5,-189.89452693166317,7.1568739287751075,0.8956964250220911,163.4,0.8663747246491944,0.1042619540142152,19.863237859529818,2.8,1314.9339604100219,25.0,75.0
42,maskable_ppo,overload_stress,5,-92.46934325622196,10.394776050588353,0.8881838226852861,398.4,1.3981243249626552,0.11087652910077206,87.82604313996829,3.25,1738.6360082186961,0.0,0.0
42,masked_bandit,full_day,5,331.601729591562,24.629614255257813,0.9894622577603742,169.0,0.8389362464723022,0.0103040387373951,23.48437044742902,0.8166666666666668,1640.8396386415784,0.0,0.0
42,masked_bandit,evening_peak,5,38.41242860385087,20.050726672549512,0.9830249070431052,130.0,1.0183293331504193,0.016726177370675242,30.54691637160456,0.9714285714285715,811.878672954095,0.0,0.0
42,masked_bandit,flash_crowd,5,-32.55741633082328,8.804119336763398,0.9408289709333364,196.8,1.2745509178791734,0.058117950518330394,44.89243054290854,2.3600000000000003,1294.4590027481481,0.0,0.0
42,masked_bandit,link_failure,5,-14.855839421820027,11.304368188153758,0.9650983686276436,175.8,1.1469169660675482,0.03455241393245156,36.43754325626976,2.56,953.2385532548147,0.0,0.0
42,masked_bandit,deceptive_local_optimum,5,97.44662647246598,3.902434214055237,0.9998152826687422,3.8,0.7206782200346347,0.00018328415138419031,16.59015412437658,1.08,613.3321981679949,0.0,0.0
42,masked_bandit,ood_double_failure,5,-187.44084849068707,11.97132759238246,0.8976831046081089,159.8,0.8536292260742184,0.10229614712864987,18.86458256919135,3.28,1349.6088499125785,25.0,75.0
42,masked_bandit,overload_stress,5,-74.03205084736439,8.478126628787813,0.8964756340288302,298.8,1.4074501871986878,0.10265341963268651,66.7681367968332,1.95,1199.2575314120936,0.0,0.0
42,static,full_day,5,4.906714127531961,31.978090172146338,0.9602228543232121,752.0,1.101008579992569,0.039231191966598175,30.910812025462427,0.0,0.0,0.0,0.0
42,static,evening_peak,5,-117.25801389439866,14.898958255623018,0.910478710114177,360.8,1.4600658715193462,0.08890121970803691,39.87749814711824,0.0,0.0,0.0,0.0
42,static,flash_crowd,5,-121.50334886015678,13.364768095975919,0.8643356332646153,321.4,1.6346396307723954,0.1343466654198166,48.948076125127,0.0,0.0,0.0,0.0
42,static,link_failure,5,-73.59407193530669,16.54314338022902,0.9234116699447876,261.8,1.3870135464418376,0.07599221310908676,40.39980211743258,1.2,929.3240239501031,0.0,0.0
42,static,deceptive_local_optimum,5,14.468661204162817,9.30394834909294,0.9773713253033437,139.0,1.0256836437943508,0.02241750741755122,27.227016835164484,0.0,0.0,0.0,0.0
42,static,ood_double_failure,5,-222.33324811262992,9.710536453732578,0.8893622713349989,227.6,0.97926994738442,0.110520789875059,22.89151319053515,1.4,495.9513200475255,25.0,75.0
42,static,overload_stress,5,-146.2553497710088,7.698345654618547,0.8083541657484842,327.6,2.0984617623895097,0.19081737264041337,60.207340654199506,0.0,0.0,0.0,0.0
42,greedy,full_day,5,268.1100081959362,25.2109842843767,0.9824492510345605,266.8,0.8722539798021074,0.01721398744037862,25.517678990408022,2.9666666666666663,21801.694755572138,0.0,0.0
42,greedy,evening_peak,5,12.088695371171351,20.138936643845582,0.9736296474016048,167.8,1.062295412261704,0.026080724232141757,33.11468604773664,5.228571428571429,9869.66551875387,0.0,0.0
42,greedy,flash_crowd,5,-50.04081478354603,19.118908042073162,0.9310515405684721,231.6,1.2928836428388162,0.06779652703505172,47.163150199748756,6.640000000000001,10747.216928519038,0.0,0.0
42,greedy,link_failure,5,-12.969457859685619,11.621185295356998,0.970502397861987,171.4,1.119121684600167,0.029100618391080135,36.07803426789883,5.760000000000001,7473.796283484402,0.0,0.0
42,greedy,deceptive_local_optimum,5,90.1869011461926,9.373617625133711,0.9988002611192538,14.4,0.7556780287924771,0.0011755324860189599,17.136777181071295,1.44,1454.2782299912844,0.0,0.0
42,greedy,ood_double_failure,5,-170.71205610274524,1.977884715312763,0.898790858896455,123.4,0.8099069968935133,0.10120396851262584,16.679160602997026,2.2800000000000002,1693.4695453959307,25.0,75.0
42,greedy,overload_stress,5,-91.39516303520055,7.535220752339977,0.8929480773631063,320.2,1.5027729526292597,0.1061832537135495,68.39787083353691,7.9,10599.665980199401,0.0,0.0
42,cspf,full_day,5,221.941225904257,39.51428268927265,0.9823474399150331,367.4,0.9311150409836138,0.01732185713820846,25.503928737355913,0.12499999999999997,887.0586362927224,0.0,0.0
42,cspf,evening_peak,5,-34.13730133456811,17.34998450742277,0.9594891921754367,263.0,1.199091411965024,0.0400845060572142,35.06269878790453,0.3999999999999999,515.34894833892,0.0,0.0
42,cspf,flash_crowd,5,-57.42923266924531,7.167656521467702,0.9276813270634408,254.2,1.3355535119373951,0.07122903640332508,45.58819074069309,0.8,712.7864195891142,0.0,0.0
42,cspf,link_failure,5,-26.632329971289483,21.51949869595383,0.9576962540287187,196.4,1.2043997487420348,0.04188398455712354,37.63345313339997,1.44,1086.9016375760668,0.0,0.0
42,cspf,deceptive_local_optimum,5,65.12921090839504,14.5611367950065,0.9948030167691305,48.6,0.8610276919543389,0.005142123158626261,19.82257259606663,0.2,140.43846194676672,0.0,0.0
42,cspf,ood_double_failure,5,-218.44528566401846,10.98362437559462,0.8904860195611217,223.4,0.9677470581434904,0.10940241241829458,22.515573173071616,0.8,272.87017050798505,25.0,75.0
42,cspf,overload_stress,5,-120.58373906889376,18.714577581728406,0.8494774322577088,342.4,1.77816434407586,0.14963697629471934,63.473087198273944,0.75,788.4447142723802,0.0,0.0
314159,maskable_ppo,full_day,5,326.54345280184816,24.541895453580658,0.9884750329063937,189.4,0.8366536099255228,0.0112711278052449,24.462900274306826,0.20833333333333331,736.1205069922332,0.0,0.0
314159,maskable_ppo,evening_peak,5,29.927166860050836,17.548884016058455,0.980420400107235,157.6,1.0416178236200981,0.01930476167294554,33.2731203279775,0.7142857142857143,619.5041050789536,0.0,0.0
314159,maskable_ppo,flash_crowd,5,-41.656682314824984,11.707347484000628,0.9350223898398846,242.6,1.2775567428573238,0.06385662341254297,49.55521688430018,1.24,887.5485229491649,0.0,0.0
314159,maskable_ppo,link_failure,5,-12.996986429397065,12.203316099720503,0.964496577828168,188.2,1.1467551102812377,0.035148410391721695,38.94894081045847,2.12,1451.615324791876,0.0,0.0
314159,maskable_ppo,deceptive_local_optimum,5,105.16341388274131,6.306794152590767,0.9999291859944692,1.6,0.6718826839817138,6.839411448856164e-05,16.604553031486923,0.8800000000000001,316.1830547250882,0.0,0.0
314159,maskable_ppo,ood_double_failure,5,-201.69920739759732,5.270115427390606,0.8945025014647309,199.4,0.891464477612363,0.10544517935569182,21.06042632095216,2.2,1067.8450470335267,25.0,75.0
314159,maskable_ppo,overload_stress,5,-92.16899338148909,12.752944637251076,0.8897370676028356,387.8,1.4094019259446036,0.10932273758081328,77.78063780632456,1.9,1581.2673053825213,0.0,0.0
314159,masked_bandit,full_day,5,347.62570701494985,21.822468505771337,0.9897384866264662,151.2,0.8244541797467576,0.01003441950309906,22.965983683970336,0.3583333333333334,820.4094537534808,0.0,0.0
314159,masked_bandit,evening_peak,5,44.850566096037824,16.486482830174918,0.9848285548555543,120.6,1.0066869710350743,0.014932946484215179,30.191022793385894,0.7428571428571429,1166.7472171383706,0.0,0.0
314159,masked_bandit,flash_crowd,5,-39.6990988924836,9.431440813821357,0.9352420863567698,218.8,1.2841398918664244,0.06362218231193302,46.86831009169446,2.8,1793.2088947943128,0.0,0.0
314159,masked_bandit,link_failure,5,10.85639989966334,5.960790637771117,0.9820057744796629,143.6,1.0592900063321276,0.01770332242277624,33.38966604225389,2.0799999999999996,1695.3525044527628,0.0,0.0
314159,masked_bandit,deceptive_local_optimum,5,95.10961445931008,5.065683254871149,0.9994944259143855,9.8,0.7346382011390892,0.00049752589367352,16.89913830434427,0.64,546.3904865127327,0.0,0.0
314159,masked_bandit,ood_double_failure,5,-179.63641523052797,8.412649584000029,0.8985537305335747,133.4,0.843443646003635,0.10143726026756143,17.62105169819788,1.9600000000000002,1112.4810068203885,25.0,75.0
314159,masked_bandit,overload_stress,5,-70.50602699012248,14.72088201492347,0.9012870792572809,309.2,1.4069873218948252,0.0978590999632806,69.34074468209295,2.75,1814.7416848722983,0.0,0.0
314159,static,full_day,5,4.906714127531961,31.978090172146338,0.9602228543232121,752.0,1.101008579992569,0.039231191966598175,30.910812025462427,0.0,0.0,0.0,0.0
314159,static,evening_peak,5,-117.25801389439866,14.898958255623018,0.910478710114177,360.8,1.4600658715193462,0.08890121970803691,39.87749814711824,0.0,0.0,0.0,0.0
314159,static,flash_crowd,5,-121.50334886015678,13.364768095975919,0.8643356332646153,321.4,1.6346396307723954,0.1343466654198166,48.948076125127,0.0,0.0,0.0,0.0
314159,static,link_failure,5,-73.59407193530669,16.54314338022902,0.9234116699447876,261.8,1.3870135464418376,0.07599221310908676,40.39980211743258,1.2,929.3240239501031,0.0,0.0
314159,static,deceptive_local_optimum,5,14.468661204162817,9.30394834909294,0.9773713253033437,139.0,1.0256836437943508,0.02241750741755122,27.227016835164484,0.0,0.0,0.0,0.0
314159,static,ood_double_failure,5,-222.33324811262992,9.710536453732578,0.8893622713349989,227.6,0.97926994738442,0.110520789875059,22.89151319053515,1.4,495.9513200475255,25.0,75.0
314159,static,overload_stress,5,-146.2553497710088,7.698345654618547,0.8083541657484842,327.6,2.0984617623895097,0.19081737264041337,60.207340654199506,0.0,0.0,0.0,0.0
314159,greedy,full_day,5,268.1100081959362,25.2109842843767,0.9824492510345605,266.8,0.8722539798021074,0.01721398744037862,25.517678990408022,2.9666666666666663,21801.694755572138,0.0,0.0
314159,greedy,evening_peak,5,12.088695371171351,20.138936643845582,0.9736296474016048,167.8,1.062295412261704,0.026080724232141757,33.11468604773664,5.228571428571429,9869.66551875387,0.0,0.0
314159,greedy,flash_crowd,5,-50.04081478354603,19.118908042073162,0.9310515405684721,231.6,1.2928836428388162,0.06779652703505172,47.163150199748756,6.640000000000001,10747.216928519038,0.0,0.0
314159,greedy,link_failure,5,-12.969457859685619,11.621185295356998,0.970502397861987,171.4,1.119121684600167,0.029100618391080135,36.07803426789883,5.760000000000001,7473.796283484402,0.0,0.0
314159,greedy,deceptive_local_optimum,5,90.1869011461926,9.373617625133711,0.9988002611192538,14.4,0.7556780287924771,0.0011755324860189599,17.136777181071295,1.44,1454.2782299912844,0.0,0.0
314159,greedy,ood_double_failure,5,-170.71205610274524,1.977884715312763,0.898790858896455,123.4,0.8099069968935133,0.10120396851262584,16.679160602997026,2.2800000000000002,1693.4695453959307,25.0,75.0
314159,greedy,overload_stress,5,-91.39516303520055,7.535220752339977,0.8929480773631063,320.2,1.5027729526292597,0.1061832537135495,68.39787083353691,7.9,10599.665980199401,0.0,0.0
314159,cspf,full_day,5,221.941225904257,39.51428268927265,0.9823474399150331,367.4,0.9311150409836138,0.01732185713820846,25.503928737355913,0.12499999999999997,887.0586362927224,0.0,0.0
314159,cspf,evening_peak,5,-34.13730133456811,17.34998450742277,0.9594891921754367,263.0,1.199091411965024,0.0400845060572142,35.06269878790453,0.3999999999999999,515.34894833892,0.0,0.0
314159,cspf,flash_crowd,5,-57.42923266924531,7.167656521467702,0.9276813270634408,254.2,1.3355535119373951,0.07122903640332508,45.58819074069309,0.8,712.7864195891142,0.0,0.0
314159,cspf,link_failure,5,-26.632329971289483,21.51949869595383,0.9576962540287187,196.4,1.2043997487420348,0.04188398455712354,37.63345313339997,1.44,1086.9016375760668,0.0,0.0
314159,cspf,deceptive_local_optimum,5,65.12921090839504,14.5611367950065,0.9948030167691305,48.6,0.8610276919543389,0.005142123158626261,19.82257259606663,0.2,140.43846194676672,0.0,0.0
314159,cspf,ood_double_failure,5,-218.44528566401846,10.98362437559462,0.8904860195611217,223.4,0.9677470581434904,0.10940241241829458,22.515573173071616,0.8,272.87017050798505,25.0,75.0
314159,cspf,overload_stress,5,-120.58373906889376,18.714577581728406,0.8494774322577088,342.4,1.77816434407586,0.14963697629471934,63.473087198273944,0.75,788.4447142723802,0.0,0.0
271828,maskable_ppo,full_day,5,343.20969591128767,16.15196254504231,0.988975647985367,180.0,0.8142895394486007,0.01077800296665052,24.695617231644697,0.9916666666666666,1528.6643347401123,0.0,0.0
271828,maskable_ppo,evening_peak,5,37.024246943566226,16.57011699648916,0.9835665915599947,171.8,1.0038300720573377,0.01617543103293078,34.67841794042208,1.2285714285714286,1020.7997042854034,0.0,0.0
271828,maskable_ppo,flash_crowd,5,-41.28009907879733,10.68240953762423,0.9355886462000118,246.6,1.2545949894120265,0.06325516310426493,51.02052728406818,1.6800000000000002,1035.3700872000422,0.0,0.0
271828,maskable_ppo,link_failure,5,-22.015189187026134,12.988945706950268,0.9665354057422315,188.0,1.1380636951501792,0.033098431946068166,38.455284414620074,6.76,3486.992676588183,0.0,0.0
271828,maskable_ppo,deceptive_local_optimum,5,104.73190911884107,5.819739234183286,0.9999291859944692,1.6,0.6737302860855745,6.839411448856164e-05,17.06725621840812,1.8,693.0860336472067,0.0,0.0
271828,maskable_ppo,ood_double_failure,5,-186.6855056863388,4.192195110427256,0.8962316170950855,137.6,0.8280623586641205,0.1037378130021622,18.257080713730478,6.960000000000001,2677.4227873605073,25.0,75.0
271828,maskable_ppo,overload_stress,5,-91.59658775587461,14.028599641145608,0.8957759822268294,404.2,1.3912726164145424,0.10324721685606317,75.50741323367808,1.8,1349.6537718518643,0.0,0.0
271828,masked_bandit,full_day,5,342.96372049708395,27.331911434710495,0.9902643383538114,157.0,0.8294162034025895,0.00951755333658876,23.67845090448815,0.6166666666666667,1593.8739961237548,0.0,0.0
271828,masked_bandit,evening_peak,5,40.61981540573377,20.664597737763312,0.9850761788728807,129.6,1.0067920457818966,0.014692220463447822,30.980936437153098,1.5428571428571427,2333.7640142478094,0.0,0.0
271828,masked_bandit,flash_crowd,5,-42.19209371615815,4.334109673801035,0.9355700248282839,227.2,1.2830227988437461,0.06333254718754233,52.35196311771299,3.84,3534.4912262883636,0.0,0.0
271828,masked_bandit,link_failure,5,-0.7395900622954669,13.080815300830327,0.9758684473128477,164.2,1.083384255708992,0.02383529335670334,36.270194135966705,3.6800000000000006,2861.4733337584476,0.0,0.0
271828,masked_bandit,deceptive_local_optimum,5,99.70166810463368,5.768782371203329,0.999534948628256,8.2,0.7018848277787308,0.0004555257373225198,16.90373637052354,1.1199999999999999,808.6173387405853,0.0,0.0
271828,masked_bandit,ood_double_failure,5,-179.54779896539148,4.84526266286285,0.8984096905703522,129.6,0.8278125515466709,0.10158195055360145,17.924404772910897,4.720000000000001,1718.4406284826778,25.0,75.0
271828,masked_bandit,overload_stress,5,-87.41965448659043,11.72231083888722,0.8799190189599155,321.6,1.4839034156216226,0.11916336943835507,77.27189274527929,4.6,3929.0843970997857,0.0,0.0
271828,static,full_day,5,4.906714127531961,31.978090172146338,0.9602228543232121,752.0,1.101008579992569,0.039231191966598175,30.910812025462427,0.0,0.0,0.0,0.0
271828,static,evening_peak,5,-117.25801389439866,14.898958255623018,0.910478710114177,360.8,1.4600658715193462,0.08890121970803691,39.87749814711824,0.0,0.0,0.0,0.0
271828,static,flash_crowd,5,-121.50334886015678,13.364768095975919,0.8643356332646153,321.4,1.6346396307723954,0.1343466654198166,48.948076125127,0.0,0.0,0.0,0.0
271828,static,link_failure,5,-73.59407193530669,16.54314338022902,0.9234116699447876,261.8,1.3870135464418376,0.07599221310908676,40.39980211743258,1.2,929.3240239501031,0.0,0.0
271828,static,deceptive_local_optimum,5,14.468661204162817,9.30394834909294,0.9773713253033437,139.0,1.0256836437943508,0.02241750741755122,27.227016835164484,0.0,0.0,0.0,0.0
271828,static,ood_double_failure,5,-222.33324811262992,9.710536453732578,0.8893622713349989,227.6,0.97926994738442,0.110520789875059,22.89151319053515,1.4,495.9513200475255,25.0,75.0
271828,static,overload_stress,5,-146.2553497710088,7.698345654618547,0.8083541657484842,327.6,2.0984617623895097,0.19081737264041337,60.207340654199506,0.0,0.0,0.0,0.0
271828,greedy,full_day,5,268.1100081959362,25.2109842843767,0.9824492510345605,266.8,0.8722539798021074,0.01721398744037862,25.517678990408022,2.9666666666666663,21801.694755572138,0.0,0.0
271828,greedy,evening_peak,5,12.088695371171351,20.138936643845582,0.9736296474016048,167.8,1.062295412261704,0.026080724232141757,33.11468604773664,5.228571428571429,9869.66551875387,0.0,0.0
271828,greedy,flash_crowd,5,-50.04081478354603,19.118908042073162,0.9310515405684721,231.6,1.2928836428388162,0.06779652703505172,47.163150199748756,6.640000000000001,10747.216928519038,0.0,0.0
271828,greedy,link_failure,5,-12.969457859685619,11.621185295356998,0.970502397861987,171.4,1.119121684600167,0.029100618391080135,36.07803426789883,5.760000000000001,7473.796283484402,0.0,0.0
271828,greedy,deceptive_local_optimum,5,90.1869011461926,9.373617625133711,0.9988002611192538,14.4,0.7556780287924771,0.0011755324860189599,17.136777181071295,1.44,1454.2782299912844,0.0,0.0
271828,greedy,ood_double_failure,5,-170.71205610274524,1.977884715312763,0.898790858896455,123.4,0.8099069968935133,0.10120396851262584,16.679160602997026,2.2800000000000002,1693.4695453959307,25.0,75.0
271828,greedy,overload_stress,5,-91.39516303520055,7.535220752339977,0.8929480773631063,320.2,1.5027729526292597,0.1061832537135495,68.39787083353691,7.9,10599.665980199401,0.0,0.0
271828,cspf,full_day,5,221.941225904257,39.51428268927265,0.9823474399150331,367.4,0.9311150409836138,0.01732185713820846,25.503928737355913,0.12499999999999997,887.0586362927224,0.0,0.0
271828,cspf,evening_peak,5,-34.13730133456811,17.34998450742277,0.9594891921754367,263.0,1.199091411965024,0.0400845060572142,35.06269878790453,0.3999999999999999,515.34894833892,0.0,0.0
271828,cspf,flash_crowd,5,-57.42923266924531,7.167656521467702,0.9276813270634408,254.2,1.3355535119373951,0.07122903640332508,45.58819074069309,0.8,712.7864195891142,0.0,0.0
271828,cspf,link_failure,5,-26.632329971289483,21.51949869595383,0.9576962540287187,196.4,1.2043997487420348,0.04188398455712354,37.63345313339997,1.44,1086.9016375760668,0.0,0.0
271828,cspf,deceptive_local_optimum,5,65.12921090839504,14.5611367950065,0.9948030167691305,48.6,0.8610276919543389,0.005142123158626261,19.82257259606663,0.2,140.43846194676672,0.0,0.0
271828,cspf,ood_double_failure,5,-218.44528566401846,10.98362437559462,0.8904860195611217,223.4,0.9677470581434904,0.10940241241829458,22.515573173071616,0.8,272.87017050798505,25.0,75.0
271828,cspf,overload_stress,5,-120.58373906889376,18.714577581728406,0.8494774322577088,342.4,1.77816434407586,0.14963697629471934,63.473087198273944,0.75,788.4447142723802,0.0,0.0
